,Statement Description
0,knowledge of cryptographic principles
1, understanding of digital signatures
2, expertise in encryption methods
3, familiarity with blockchain technology
4,knowledge of digital signatures
5, understanding of cryptographic principles
6, expertise in authentication mechanisms
7, familiarity with blockchain technology
8,understanding of cryptographic principles
9, knowledge of digital signatures
10, familiarity with public key infrastructure
11, expertise in secure coding practices
12,understanding of cryptography
13, knowledge of security protocols
14, familiarity with secure key management
15,Understanding of cryptographic principles
16, Knowledge of digital signatures
17, Familiarity with authentication mechanisms
18, Expertise in secure key management
19,understanding of cryptography
20, knowledge of security principles
21, familiarity with security standards
22,knowledge of cryptographic principles
23, understanding of digital signatures
24, expertise in authentication mechanisms
25, familiarity with encryption techniques
26,Understanding of cryptographic principles
27, Knowledge of digital signatures
28, Expertise in authentication mechanisms
29, Familiarity with encryption techniques
30,Understanding of cryptographic principles
31, Knowledge of digital signatures
32, Familiarity with access control mechanisms
33, Expertise in data integrity methods
34,Understanding of digital signatures
35, Knowledge of cryptographic principles
36, Familiarity with blockchain technology
37, Expertise in cybersecurity
38,Understanding of cryptographic principles
39, Knowledge of digital signature mechanisms
40, Familiarity with public key infrastructure
41, Expertise in secure data transmission protocols
42,knowledge of digital signatures
43, understanding of cryptographic principles
44, expertise in authentication mechanisms
45, familiarity with security protocols
46,Understanding of digital signature concepts
47, Knowledge of cryptographic principles
48, Expertise in authentication mechanisms
49, Familiarity with blockchain technology
50,understanding of cryptographic principles
51, knowledge of digital signature mechanisms
52, familiarity with authentication protocols
53, expertise in data integrity verification methods
54,knowledge of cryptographic principles
55, understanding of digital signatures
56, expertise in secure key management
57, familiarity with authentication protocols
58,understanding of cryptographic principles
59, knowledge of digital signatures
60, expertise in secure coding practices
61, familiarity with blockchain technology
62,understanding of cryptography
63, knowledge of security principles
64, familiarity with security standards
65,understanding of cryptography
66, knowledge of security principles
67, familiarity with access control mechanisms
68,knowledge of cryptographic principles
69, understanding of digital signatures
70, expertise in data security protocols
71, familiarity with encryption techniques
72,knowledge of digital signatures
73, understanding of cryptographic principles
74, expertise in authentication mechanisms
75, familiarity with security protocols
76,understanding of cryptography
77, knowledge of security protocols
78, awareness of data management best practices
79,Understanding of cryptographic principles
80, Knowledge of digital signatures
81, Expertise in secure key management
82, Familiarity with authentication protocols
83,understanding of cryptography
84, knowledge of security principles
85, familiarity with security standards and protocols
86, expertise in identifying and mitigating security vulnerabilities
87,Understanding of digital signature concepts
88, Knowledge of cryptographic principles
89, Familiarity with authentication mechanisms
90, Expertise in cybersecurity best practices
91,Understanding of digital signatures
92, Knowledge of cryptographic principles
93, Familiarity with authentication mechanisms
94, Awareness of data integrity concepts
95,understanding of digital signatures
96, knowledge of cryptographic principles
97, awareness of authentication mechanisms
98, expertise in data integrity
99,Understanding of cryptographic principles
100, Knowledge of digital signature algorithms
101, Expertise in authentication mechanisms
102, Familiarity with access control models
103,Understanding of cryptographic principles
104, Knowledge of digital signature mechanisms
105, Expertise in secure data transmission protocols
106, Familiarity with blockchain technology
107,knowledge of cryptographic principles
108, understanding of digital signatures
109, expertise in public key infrastructure
110, familiarity with hash functions
111,Understanding of digital signatures
112, Knowledge of cryptographic principles
113, Familiarity with authentication mechanisms
114, Expertise in data integrity concepts
115,knowledge of digital signatures
116, understanding of cryptographic principles
117, expertise in authentication mechanisms
118, familiarity with blockchain technology
119,Understanding of cryptographic principles
120, Knowledge of digital signatures
121, Familiarity with access control mechanisms
122, Expertise in cybersecurity protocols
123,Understanding of cryptographic principles
124, Knowledge of digital signatures
125, Familiarity with blockchain technology
126, Expertise in secure coding practices
127,Understanding of digital signatures
128, Knowledge of cryptographic principles
129, Expertise in cybersecurity protocols
130, Familiarity with authentication mechanisms
131,knowledge of digital signatures
132, understanding of cryptographic principles
133, expertise in authentication methods
134, familiarity with security protocols
135,Understanding of cryptographic principles
136, Knowledge of digital signatures
137, Familiarity with authentication mechanisms
138, Insight into secure data storage methods
139,knowledge of digital signatures
140, understanding of cryptographic principles
141, expertise in authentication mechanisms
142, familiarity with security protocols
143,Understanding of digital signatures
144, Knowledge of cryptography principles
145, Familiarity with blockchain technology
146, Expertise in authentication mechanisms
147,Understanding of digital signatures
148, Knowledge of cryptographic principles
149, Expertise in cybersecurity
150, Familiarity with authentication mechanisms
151,understanding of cryptography
152, knowledge of secure data management
153, expertise in network security
154, familiarity with identity and access management
155,Understanding of cryptographic principles
156, Knowledge of digital signature algorithms
157, Familiarity with public key infrastructure
158, Expertise in secure authentication mechanisms
159,Understanding of cryptographic principles
160, Knowledge of digital signature mechanisms
161, Familiarity with blockchain technology
162, Expertise in cybersecurity protocols
163,Understanding of digital signatures
164, Knowledge of cryptographic principles
165, Familiarity with blockchain technology
166, Expertise in cybersecurity protocols
167,knowledge of cryptographic principles
168, understanding of digital signatures
169, expertise in secure coding practices
170, familiarity with encryption algorithms
171,knowledge of digital signatures
172, understanding of cryptographic principles
173, expertise in authentication methods
174, familiarity with data integrity concepts
175,Understanding of cryptographic principles
176, Knowledge of digital signatures
177, Familiarity with blockchain technology
178, Expertise in secure coding practices
179,Understanding of digital signatures
180, Knowledge of cryptographic principles
181, Expertise in cybersecurity
182, Familiarity with blockchain technology
183,Understanding of cryptographic principles
184, Knowledge of digital signatures
185, Familiarity with authentication mechanisms
186, Expertise in data integrity techniques
187,knowledge of cryptographic principles
188, understanding of digital signatures
189, expertise in secure key management
190, familiarity with encryption algorithms
191,understanding of digital signature concepts
192, knowledge of cryptographic systems
193, awareness of authentication mechanisms
194, expertise in data integrity methods
195,Understanding of cryptographic principles
196, Knowledge of digital signatures
197, Familiarity with public key infrastructure
198, Expertise in secure coding practices
199,Understanding of digital signature concepts
200, Knowledge of cryptographic principles
201, Familiarity with authentication mechanisms
202, Expertise in data integrity verification methods
203,knowledge of cryptographic principles
204, understanding of digital signatures
205, expertise in secure key management
206, familiarity with encryption algorithms
207,Understanding of cryptographic principles
208, Knowledge of digital signatures
209, Familiarity with authentication mechanisms
210, Expertise in encryption techniques
211,Understanding of digital signature concepts
212, Knowledge of cryptographic principles
213, Familiarity with authentication mechanisms
214, Expertise in secure coding practices
215,Understanding of cryptographic principles
216, Knowledge of digital signature mechanisms
217, Expertise in authentication protocols
218, Familiarity with blockchain technology
219,understanding of digital signatures
220, knowledge of cryptographic principles
221, awareness of security protocols
222, expertise in authentication methods
223,understanding of cryptographic principles
224, knowledge of digital signature mechanisms
225, awareness of authentication protocols
226, expertise in blockchain technology
227,Understanding of digital signature concepts
228, Knowledge of cryptographic principles
229, Expertise in data integrity mechanisms
230, Familiarity with security protocols
231,understanding of digital signature concepts
232, knowledge of cryptographic principles
233, awareness of authentication mechanisms
234, expertise in data integrity techniques
235,Understanding of digital signatures
236, Knowledge of cryptography principles
237, Familiarity with blockchain technology
238, Expertise in authentication mechanisms
239,understanding of digital signatures
240, knowledge of cryptographic principles
241, expertise in authentication mechanisms
242, awareness of security protocols
243,knowledge of cryptographic principles
244, understanding of digital signatures
245, expertise in authentication mechanisms
246, familiarity with encryption techniques
247,Understanding of digital signatures
248, Knowledge of cryptographic principles
249, Familiarity with authentication mechanisms
250, Expertise in security protocols
251,understanding of digital signature concepts
252, knowledge of cryptographic principles
253, familiarity with authentication mechanisms
254, expertise in secure data transmission protocols
255,Understanding of cryptographic principles
256, Knowledge of digital signatures
257, Familiarity with blockchain technology
258, Expertise in secure coding practices
259,Understanding of cryptographic principles
260, Knowledge of digital signatures
261, Expertise in secure coding practices
262, Familiarity with access control models
263,Understanding of cryptographic principles
264, Knowledge of digital signatures
265, Familiarity with blockchain technology
266, Expertise in cybersecurity protocols
267,knowledge of digital signatures
268, understanding of cryptographic principles
269, expertise in authentication methods
270, familiarity with secure key management
271,Understanding of digital signatures
272, Knowledge of cryptographic principles
273, Familiarity with authentication mechanisms
274, Awareness of security protocols
275,Understanding of cryptographic principles
276, Knowledge of digital signature mechanisms
277, Expertise in secure key management
278, Familiarity with authentication protocols
279,Understanding of cryptographic principles
280, Knowledge of digital signature algorithms
281, Familiarity with public key infrastructure (PKI)
282, Expertise in secure authentication mechanisms
283,Understanding of cryptographic principles
284, Knowledge of digital signature mechanisms
285, Expertise in public key infrastructure
286, Familiarity with secure authentication protocols
287,knowledge of digital signatures
288, understanding of cryptographic principles
289, expertise in authentication mechanisms
290, familiarity with data integrity concepts
291,Understanding of digital signatures
292, Knowledge of cryptographic principles
293, Expertise in authentication mechanisms
294, Familiarity with data integrity concepts
295,understanding of cryptography
296, knowledge of security protocols
297, awareness of cyber threats
298, expertise in data encryption techniques
299,Understanding of digital signature mechanisms
300, Knowledge of cryptographic principles
301, Familiarity with authentication protocols
302, Expertise in data integrity techniques
303,knowledge of digital signature concepts
304, understanding of cryptographic principles
305, familiarity with authentication mechanisms
306, expertise in security protocols
307,Understanding of digital signatures
308, Knowledge of cryptography
309, Expertise in security protocols
310, Familiarity with authentication mechanisms
311,Understanding of digital signature properties
312, Knowledge of cryptographic principles
313, Expertise in secure data transmission protocols
314, Familiarity with authentication mechanisms
315,knowledge of cryptographic principles
316, understanding of digital signatures
317, expertise in secure key management
318, familiarity with blockchain technology
319,Understanding of cryptographic principles
320, Knowledge of digital signatures
321, Expertise in data integrity mechanisms
322, Familiarity with access control models
323,Understanding of digital signature concepts
324, Knowledge of cryptographic principles
325, Familiarity with security protocols
326, Awareness of forgery prevention methods
327,knowledge of cryptographic principles
328, understanding of digital signatures
329, expertise in secure key management
330, familiarity with blockchain technology
331,understanding of cryptography
332, knowledge of security standards
333, awareness of access control principles
334, expertise in data encryption techniques
335,knowledge of cryptographic principles
336, understanding of digital signatures
337, expertise in secure key management
338, familiarity with authentication protocols
339,understanding of cryptography
340, knowledge of security protocols
341, expertise in cybersecurity threats
342,knowledge of digital signatures
343, understanding of cryptographic principles
344, expertise in authentication mechanisms
345, familiarity with security protocols
346,knowledge of cryptographic principles
347, understanding of digital signatures
348, expertise in secure key management
349, familiarity with authentication protocols
350,knowledge of digital signatures
351, understanding of cryptographic principles
352, expertise in security protocols
353, familiarity with authentication mechanisms
354,understanding of cryptography
355, knowledge of security protocols
356, familiarity with security standards
357, expertise in identity management
358,Understanding of digital signatures
359, Knowledge of cryptography principles
360, Familiarity with authentication mechanisms
361, Expertise in data integrity concepts
362,Understanding of cryptographic principles
363, Knowledge of digital signatures
364, Familiarity with blockchain technology
365, Expertise in secure coding practices
366,knowledge of digital signatures
367, understanding of cryptographic principles
368, expertise in authentication mechanisms
369, familiarity with data integrity concepts
370,Understanding of cryptographic principles
371, Knowledge of digital signatures
372, Familiarity with blockchain technology
373, Expertise in authentication mechanisms
374,understanding of digital signatures
375, knowledge of cryptographic principles
376, awareness of authentication mechanisms
377, expertise in secure data transmission
378,Understanding of cryptographic principles
379, Knowledge of digital signatures
380, Expertise in secure key management
381, Familiarity with encryption algorithms
382,Understanding of cryptographic principles
383, Knowledge of digital signatures
384, Familiarity with blockchain technology
385, Expertise in secure coding practices
386,knowledge of cryptographic principles
387, understanding of digital signatures
388, expertise in public key infrastructure
389, familiarity with blockchain technology
390,understanding of cryptographic principles
391, knowledge of digital signatures
392, expertise in secure coding practices
393, familiarity with encryption algorithms
394,Understanding of digital signatures
395, Knowledge of cryptography
396, Expertise in secure protocols
397, Familiarity with authentication mechanisms
398,Understanding of cryptographic principles
399, Knowledge of digital signatures
400, Familiarity with public key infrastructure
401, Experience in cybersecurity protocols
402,Understanding of digital signatures
403, Knowledge of cryptographic principles
404, Familiarity with authentication mechanisms
405, Expertise in security protocols
406,knowledge of cryptographic principles
407, understanding of digital signatures
408, expertise in secure coding practices
409, familiarity with authentication protocols
410,knowledge of cryptographic principles
411, understanding of digital signatures
412, expertise in secure coding practices
413, familiarity with encryption algorithms
414,Understanding of digital signature concepts
415, Knowledge of cryptographic principles
416, Familiarity with authentication mechanisms
417, Expertise in security protocols
418,understanding of digital signature concepts
419, knowledge of cryptographic principles
420, awareness of security protocols
421, expertise in cybersecurity threats
422,understanding of digital signatures
423, knowledge of cryptographic principles
424, awareness of authentication mechanisms
425, expertise in data integrity
426,Understanding of digital signatures
427, Knowledge of cryptographic principles
428, Expertise in authentication mechanisms
429, Familiarity with data integrity concepts
430,Understanding of digital signatures
431, Knowledge of cryptographic principles
432, Expertise in security protocols
433, Familiarity with authentication mechanisms
434,understanding of cryptography
435, knowledge of security protocols
436, familiarity with access control mechanisms
437, expertise in cybersecurity threats and vulnerabilities
438,knowledge of cryptographic principles
439, understanding of digital signatures
440, expertise in authentication mechanisms
441, familiarity with blockchain technology
442,Understanding of digital signatures
443, Knowledge of cryptographic principles
444, Expertise in authentication mechanisms
445, Familiarity with security protocols
446,knowledge of cryptographic principles
447, understanding of digital signatures
448, expertise in public key infrastructure
449, familiarity with blockchain technology
450,understanding of cryptography
451, knowledge of security protocols
452, awareness of trust models
453, expertise in data encryption
454,Understanding of cryptographic principles
455, Knowledge of digital signatures
456, Expertise in access control mechanisms
457, Familiarity with authentication protocols
458,knowledge of digital signatures
459, understanding of cryptographic principles
460, expertise in authentication mechanisms
461, familiarity with data integrity concepts
462,Understanding of digital signatures
463, Knowledge of cryptographic principles
464, Familiarity with authentication mechanisms
465, Expertise in data integrity verification methods
466,understanding of cryptographic principles
467, knowledge of digital signature mechanisms
468, familiarity with public key infrastructure
469, expertise in blockchain technology
470,understanding of cryptography
471, knowledge of security protocols
472, awareness of trust models
473, expertise in access control
474,Understanding of digital signatures
475, Knowledge of cryptography
476, Expertise in data security principles
477, Familiarity with authentication mechanisms
478,Understanding of cryptographic principles
479, Knowledge of digital signatures
480, Familiarity with blockchain technology
481, Expertise in cybersecurity protocols
482,understanding of cryptography
483, knowledge of secure authentication methods
484, expertise in data encryption standards
485, familiarity with access control mechanisms
486,understanding of cryptography
487, knowledge of security protocols
488, familiarity with network security concepts
489, expertise in identity and access management
490,Understanding of digital signatures
491, Knowledge of cryptographic principles
492, Expertise in authentication mechanisms
493, Familiarity with data integrity concepts
494,Understanding of cryptographic principles
495, Knowledge of digital signatures
496, Familiarity with access control mechanisms
497, Awareness of authentication methods
498,understanding of cryptographic principles
499, knowledge of digital signatures
500, expertise in access control mechanisms
501, familiarity with authentication protocols
502,Understanding of cryptographic principles
503, Knowledge of digital signatures
504, Familiarity with public key infrastructure
505, Expertise in secure communication protocols
506,Understanding of digital signature concepts
507, Knowledge of cryptographic principles
508, Familiarity with authentication mechanisms
509, Expertise in data integrity verification methods
510,Understanding of cryptographic principles
511, Knowledge of digital signatures
512, Familiarity with blockchain technology
513, Expertise in secure coding practices
514,Understanding of cryptographic principles
515, Knowledge of digital signature mechanisms
516, Familiarity with access control models
517, Awareness of authentication methods
518,Understanding of digital signatures
519, Knowledge of cryptographic principles
520, Familiarity with authentication mechanisms
521, Expertise in cybersecurity best practices
522,Understanding of cryptographic principles
523, Knowledge of digital signatures
524, Expertise in secure coding practices
525, Familiarity with blockchain technology
526,understanding of cryptography
527, knowledge of security standards and protocols
528, awareness of common vulnerabilities and attacks
529, expertise in cybersecurity laws and regulations
530,Understanding of digital signatures
531, Knowledge of cryptographic principles
532, Familiarity with authentication mechanisms
533, Expertise in data integrity concepts
534,knowledge of digital signatures
535, understanding of cryptographic principles
536, expertise in secure authentication mechanisms
537, familiarity with encryption techniques
538,Understanding of cryptographic principles
539, Knowledge of digital signature mechanisms
540, Familiarity with public key infrastructure
541, Awareness of authentication protocols
542,understanding of cryptography
543, knowledge of security standards
544, awareness of identity management concepts
545,Understanding of digital signature concepts
546, Knowledge of cryptographic principles
547, Familiarity with authentication mechanisms
548, Expertise in security protocols
549,knowledge of cryptographic principles
550, understanding of digital signatures
551, expertise in public key infrastructure
552, familiarity with encryption techniques
553,Understanding of cryptographic principles
554, Knowledge of digital signatures
555, Familiarity with blockchain technology
556, Expertise in cybersecurity protocols
557,Understanding of cryptographic principles
558, Knowledge of digital signatures
559, Expertise in secure coding practices
560, Familiarity with encryption algorithms
561,knowledge of cryptographic principles
562, understanding of digital signatures
563, expertise in secure key management
564, familiarity with authentication protocols
565,Understanding of cryptographic principles
566, Knowledge of digital signatures
567, Expertise in blockchain technology
568, Familiarity with secure coding practices
569,understanding of cryptography
570, knowledge of security protocols
571, awareness of cyber attacks
572, expertise in data encryption
573,understanding of digital signatures
574, knowledge of cryptographic principles
575, awareness of authentication mechanisms
576, expertise in secure key management
577,Understanding of cryptographic principles
578, Knowledge of digital signatures
579, Familiarity with public key infrastructure
580, Expertise in access control mechanisms
581,understanding of digital signatures
582, knowledge of cryptographic principles
583, familiarity with authentication mechanisms
584, expertise in cybersecurity protocols
585,knowledge of cryptographic principles
586, understanding of digital signatures
587, expertise in secure coding practices
588, familiarity with blockchain technology
589,Understanding of cryptographic principles
590, Knowledge of digital signatures
591, Expertise in secure coding practices
592, Familiarity with authentication mechanisms
593,knowledge of digital signatures
594, understanding of cryptographic principles
595, expertise in security protocols
596, familiarity with authentication mechanisms
597,knowledge of digital signatures
598, understanding of cryptographic principles
599, expertise in authentication mechanisms
600, familiarity with security protocols
601,knowledge of cryptographic principles
602, understanding of digital signatures
603, expertise in secure key management
604, familiarity with authentication protocols
605,understanding of cryptographic principles
606, knowledge of digital signatures
607, familiarity with blockchain technology
608, expertise in secure coding practices
609,understanding of cryptographic principles
610, knowledge of digital signature mechanisms
611, expertise in public key infrastructure
612, awareness of security protocols
613,Understanding of cryptographic principles
614, Knowledge of digital signature mechanisms
615, Familiarity with public key infrastructure
616, Expertise in secure coding practices
617,Understanding of digital signatures
618, Knowledge of cryptography
619, Familiarity with authentication mechanisms
620, Expertise in secure coding practices
621,understanding of cryptography
622, knowledge of security protocols
623, expertise in network security
624, familiarity with identity management concepts
625,Understanding of cryptographic principles
626, Knowledge of digital signature mechanisms
627, Familiarity with access control models
628, Expertise in secure key management
629,Understanding of cryptographic principles
630, Knowledge of digital signatures
631, Expertise in secure key management
632, Familiarity with authentication mechanisms
633,knowledge of cryptographic principles
634, understanding of digital signatures
635, expertise in data integrity mechanisms
636, familiarity with authentication protocols
637,Understanding of cryptographic principles
638, Knowledge of digital signature mechanisms
639, Expertise in secure key management
640, Familiarity with blockchain technology
641,understanding of cryptographic principles
642, knowledge of digital signatures
643, expertise in data integrity mechanisms
644, familiarity with access control models
645,Understanding of digital signatures
646, Knowledge of cryptography principles
647, Expertise in data integrity mechanisms
648, Familiarity with authentication protocols
649,knowledge of cryptographic principles
650, understanding of digital signatures
651, expertise in secure key management
652, familiarity with authentication mechanisms
653,Understanding of cryptographic principles
654, Knowledge of digital signatures
655, Familiarity with access control mechanisms
656, Expertise in encryption techniques
657,Understanding of digital signatures
658, Knowledge of cryptographic principles
659, Expertise in authentication mechanisms
660, Familiarity with access control systems
661,knowledge of cryptographic principles
662, understanding of digital signatures
663, expertise in secure coding practices
664, familiarity with encryption algorithms
665,understanding of cryptography
666, knowledge of secure authentication methods
667, familiarity with security standards and protocols
668, expertise in cybersecurity risk management
669,Understanding of cryptographic principles
670, Knowledge of digital signatures
671, Familiarity with blockchain technology
672, Expertise in secure coding practices
673,understanding of cryptography
674, knowledge of security principles
675, awareness of secure transaction methods
676,understanding of cryptographic principles
677, knowledge of digital signatures
678, familiarity with blockchain technology
679, expertise in secure coding practices
680,Understanding of cryptographic principles
681, Knowledge of digital signature mechanisms
682, Familiarity with public key infrastructure
683, Expertise in secure authentication protocols
684,Understanding of cryptographic principles
685, Knowledge of digital signature mechanisms
686, Familiarity with blockchain technology
687, Expertise in cybersecurity protocols
688,knowledge of cryptographic principles
689, understanding of digital signatures
690, expertise in authentication mechanisms
691, familiarity with blockchain technology
692,Understanding of digital signature concepts
693, Knowledge of cryptographic principles
694, Familiarity with security protocols
695, Awareness of authentication mechanisms
696,understanding of cryptography
697, knowledge of security protocols
698, expertise in cybersecurity threats
699, familiarity with access control mechanisms
700,Understanding of cryptographic principles
701, Knowledge of digital signatures
702, Expertise in data integrity mechanisms
703, Familiarity with access control models
704,knowledge of cryptographic principles
705, understanding of digital signatures
706, expertise in secure key management
707, familiarity with encryption algorithms
708,knowledge of digital signatures
709, understanding of cryptographic principles
710, expertise in data integrity mechanisms
711, familiarity with authentication protocols
712,Understanding of digital signatures
713, Knowledge of cryptographic principles
714, Expertise in authentication mechanisms
715, Familiarity with blockchain technology
716,understanding of cryptographic principles
717, knowledge of digital signature mechanisms
718, awareness of blockchain technology
719, expertise in secure coding practices
720,knowledge of cryptographic principles
721, understanding of digital signatures
722, expertise in secure coding practices
723, familiarity with authentication mechanisms
724,understanding of cryptography
725, knowledge of security protocols
726, familiarity with cyber attacks
727, expertise in access control
728,knowledge of cryptographic principles
729, understanding of digital signatures
730, expertise in encryption methods
731, familiarity with secure key management
732,understanding of digital signature concepts
733, knowledge of cryptographic principles
734, awareness of security protocols
735, expertise in cybersecurity best practices
736,Understanding of cryptographic principles
737, Knowledge of digital signatures
738, Expertise in secure key management
739, Familiarity with authentication protocols
740,knowledge of digital signatures
741, understanding of cryptographic principles
742, expertise in authentication mechanisms
743, familiarity with security protocols
744,Understanding of cryptographic principles
745, Knowledge of digital signatures
746, Expertise in encryption techniques
747, Familiarity with blockchain technology
748,understanding of cryptography
749, knowledge of security principles
750, awareness of access control mechanisms
751,Understanding of digital signature mechanisms
752, Knowledge of cryptographic principles
753, Familiarity with public key infrastructure
754, Expertise in authentication protocols
755,Understanding of cryptographic principles
756, Knowledge of digital signature mechanisms
757, Expertise in blockchain technology
758, Familiarity with access control models
759,Understanding of cryptographic principles
760, Knowledge of digital signatures
761, Familiarity with blockchain technology
762, Expertise in secure coding practices
763,Understanding of cryptographic principles
764, Knowledge of digital signatures
765, Expertise in data integrity mechanisms
766, Familiarity with access control models
767,knowledge of digital signatures
768, understanding of cryptographic principles
769, expertise in secure authentication methods
770, familiarity with blockchain technology
771,understanding of cryptography
772, knowledge of security principles
773, awareness of common attacks and defenses
774,understanding of cryptography
775, knowledge of security protocols
776, awareness of common vulnerabilities
777, expertise in data encryption techniques
778,knowledge of cryptographic principles
779, understanding of digital signatures
780, expertise in secure coding practices
781, familiarity with authentication mechanisms
782,Understanding of digital signatures
783, Knowledge of cryptographic principles
784, Familiarity with authentication mechanisms
785, Expertise in data integrity concepts
786,understanding of cryptography
787, knowledge of security protocols
788, awareness of identity management concepts
789,understanding of cryptography
790, knowledge of security protocols
791, awareness of common vulnerabilities and attacks
792, expertise in access control mechanisms
793,Understanding of cryptographic principles
794, Knowledge of digital signature mechanisms
795, Familiarity with blockchain technology
796, Expertise in secure key management
797,Understanding of cryptographic principles
798, Knowledge of digital signature mechanisms
799, Expertise in public key infrastructure
800, Familiarity with blockchain technology
801,understanding of cryptography
802, knowledge of security protocols
803, expertise in network security
804, familiarity with cyber attacks and defenses
805,Understanding of digital signature concepts
806, Knowledge of cryptographic principles
807, Familiarity with authentication mechanisms
808, Expertise in cybersecurity best practices
809,Understanding of cryptographic principles
810, Knowledge of digital signatures
811, Expertise in authentication mechanisms
812, Familiarity with access control models
813,Understanding of cryptographic principles
814, Knowledge of digital signature mechanisms
815, Familiarity with blockchain technology
816, Expertise in secure coding practices
817,knowledge of cryptographic principles
818, understanding of digital signatures
819, expertise in authentication mechanisms
820, familiarity with access control systems
821,knowledge of cryptographic principles
822, understanding of digital signatures
823, expertise in secure key management
824, familiarity with authentication protocols
825,knowledge of cryptographic principles
826, understanding of digital signatures
827, expertise in secure key management
828, familiarity with authentication protocols
829,knowledge of cryptographic principles
830, understanding of digital signatures
831, expertise in secure coding practices
832, familiarity with encryption algorithms
833,Understanding of digital signatures
834, Knowledge of cryptographic principles
835, Expertise in authentication mechanisms
836, Familiarity with blockchain technology
837,knowledge of cryptographic principles
838, understanding of digital signatures
839, expertise in secure coding practices
840, familiarity with authentication mechanisms
841,Understanding of cryptographic principles
842, Knowledge of digital signature mechanisms
843, Familiarity with blockchain technology
844, Expertise in secure coding practices
845,understanding of cryptographic principles
846, knowledge of digital signatures
847, expertise in encryption methods
848, familiarity with authentication protocols
849,knowledge of cryptographic principles
850, understanding of digital signatures
851, expertise in secure coding practices
852, familiarity with cryptographic protocols
853,understanding of digital signature properties
854, knowledge of cryptographic systems
855, expertise in data integrity mechanisms
856,knowledge of cryptographic principles
857, understanding of digital signatures
858, expertise in secure authentication methods
859, familiarity with encryption techniques
860,Understanding of cryptographic principles
861, Knowledge of digital signature mechanisms
862, Familiarity with blockchain technology
863, Expertise in secure coding practices
864,Understanding of digital signatures
865, Knowledge of cryptographic principles
866, Familiarity with authentication mechanisms
867, Expertise in data integrity concepts
868,Understanding of cryptographic principles
869, Knowledge of digital signatures
870, Familiarity with blockchain technology
871, Expertise in cybersecurity protocols
872,Understanding of cryptographic principles
873, Knowledge of digital signatures
874, Familiarity with blockchain technology
875, Expertise in authentication mechanisms
876,Understanding of digital signatures
877, Knowledge of cryptographic principles
878, Familiarity with authentication mechanisms
879, Expertise in security protocols
880,understanding of cryptography
881, knowledge of security principles
882, awareness of secure storage methods
883, expertise in access control
884,Understanding of digital signatures
885, Knowledge of cryptographic principles
886, Familiarity with blockchain technology
887, Expertise in secure coding practices
888,knowledge of digital signatures
889, understanding of cryptographic principles
890, expertise in data integrity mechanisms
891, familiarity with access control models
892,understanding of digital signature concepts
893, knowledge of cryptographic principles
894, familiarity with security protocols
895, expertise in authentication mechanisms
896,Understanding of cryptographic principles
897, Knowledge of digital signatures
898, Familiarity with public key infrastructure
899, Expertise in secure key management
900,Understanding of digital signatures
901, Knowledge of cryptography
902, Familiarity with authentication mechanisms
903, Expertise in data integrity
904,Understanding of digital signatures
905, Knowledge of cryptographic principles
906, Familiarity with authentication mechanisms
907, Expertise in data integrity
908,Understanding of cryptographic principles
909, Knowledge of digital signature algorithms
910, Familiarity with public key infrastructure
911, Expertise in secure key management
912,Understanding of cryptographic principles
913, Knowledge of digital signatures
914, Familiarity with public key infrastructure
915, Experience in secure coding practices
916,Understanding of cryptographic principles
917, Knowledge of digital signatures
918, Expertise in authentication mechanisms
919, Familiarity with access control systems
920,Understanding of cryptographic principles
921, Knowledge of digital signatures
922, Expertise in secure coding practices
923, Familiarity with encryption algorithms
924,Understanding of digital signatures
925, Knowledge of cryptography principles
926, Expertise in security protocols
927, Familiarity with authentication mechanisms
928,Understanding of digital signature properties
929, Knowledge of cryptography
930, Familiarity with security protocols
931, Expertise in data integrity mechanisms
932,understanding of cryptography
933, knowledge of security protocols
934, awareness of identity management concepts
935,understanding of cryptography
936, knowledge of security protocols
937, awareness of network security threats
938, expertise in data encryption techniques
939,Understanding of cryptographic principles
940, Knowledge of digital signatures
941, Familiarity with access control mechanisms
942, Expertise in cybersecurity protocols
943,Understanding of digital signatures
944, Knowledge of cryptography
945, Familiarity with blockchain technology
946, Expertise in secure coding practices
947,understanding of digital signatures
948, knowledge of cryptographic principles
949, awareness of security protocols
950, expertise in authentication methods
951,understanding of cryptographic principles
952, knowledge of digital signatures
953, expertise in secure key management
954, familiarity with blockchain technology
955,understanding of cryptography
956, knowledge of security protocols
957, expertise in data encryption
958, familiarity with network security concepts
959,understanding of cryptography
960, knowledge of security standards
961, awareness of access control principles
962, expertise in data encryption techniques
963,knowledge of digital signatures
964, understanding of cryptographic principles
965, expertise in authentication mechanisms
966, familiarity with access control concepts
967,knowledge of cryptographic principles
968, understanding of digital signatures
969, expertise in secure key management
970, familiarity with blockchain technology
971,knowledge of cryptographic principles
972, understanding of digital signatures
973, expertise in authentication mechanisms
974, familiarity with encryption techniques
975,Understanding of cryptographic principles
976, Knowledge of digital signatures
977, Expertise in secure data transmission protocols
978, Familiarity with access control mechanisms
979,knowledge of cryptographic principles
980, understanding of digital signatures
981, expertise in secure authentication methods
982, familiarity with encryption techniques
983,Understanding of cryptographic principles
984, Knowledge of digital signatures
985, Familiarity with access control mechanisms
986, Insight into secure coding practices
987,understanding of cryptography
988, knowledge of security protocols
989, expertise in network security
990, familiarity with cyber attacks and defenses
991,Understanding of cryptographic principles
992, Knowledge of digital signatures
993, Familiarity with authentication mechanisms
994, Expertise in secure key management
995,understanding of cryptography
996, knowledge of secure authentication methods
997, familiarity with security standards and protocols
998, expertise in cybersecurity trends and threats
999,knowledge of cryptographic principles
1000, understanding of digital signatures
1001, expertise in secure key management
1002, familiarity with authentication mechanisms
1003,understanding of cryptographic principles
1004, knowledge of digital signatures
1005, expertise in authentication mechanisms
1006, familiarity with encryption techniques
1007,Understanding of cryptographic principles
1008, Knowledge of digital signatures
1009, Familiarity with blockchain technology
1010, Expertise in cybersecurity protocols
1011,understanding of cryptographic principles
1012, knowledge of digital signature algorithms
1013, expertise in blockchain technology
1014, familiarity with secure key management practices
1015,Understanding of cryptographic principles
1016, Knowledge of digital signatures
1017, Familiarity with public key infrastructure
1018, Expertise in secure authentication protocols
1019,Understanding of cryptographic principles
1020, Knowledge of digital signatures
1021, Familiarity with access control mechanisms
1022, Expertise in data integrity verification
1023,knowledge of digital signatures
1024, understanding of cryptographic principles
1025, expertise in authentication methods
1026, familiarity with security protocols
1027,Understanding of cryptographic principles
1028, Knowledge of digital signatures
1029, Familiarity with authentication mechanisms
1030, Expertise in secure coding practices
1031,Understanding of digital signatures
1032, Knowledge of cryptographic principles
1033, Familiarity with authentication mechanisms
1034, Expertise in data integrity concepts
1035,knowledge of cryptographic principles
1036, understanding of digital signatures
1037, expertise in authentication mechanisms
1038, familiarity with access control systems
1039,Understanding of digital signature mechanisms
1040, Knowledge of cryptographic principles
1041, Familiarity with blockchain technology
1042, Awareness of identity management systems
1043,knowledge of cryptographic principles
1044, understanding of digital signatures
1045, expertise in secure key management
1046, familiarity with authentication protocols
1047,Understanding of digital signatures
1048, Knowledge of cryptography principles
1049, Familiarity with blockchain technology
1050, Expertise in data integrity mechanisms
1051,Understanding of cryptographic principles
1052, Knowledge of digital signature mechanisms
1053, Familiarity with public key infrastructure
1054, Expertise in blockchain technology
1055,Understanding of digital signatures
1056, Knowledge of cryptography principles
1057, Expertise in secure key management
1058, Familiarity with authentication protocols
1059,Understanding of digital signatures
1060, Knowledge of cryptographic principles
1061, Familiarity with authentication mechanisms
1062, Expertise in data integrity verification
1063,understanding of cryptography
1064, knowledge of security standards
1065, expertise in access control
1066, familiarity with security algorithms
1067,Understanding of cryptographic principles
1068, Knowledge of digital signatures
1069, Familiarity with public key infrastructure
1070, Expertise in authentication mechanisms
1071,Understanding of digital signatures
1072, Knowledge of cryptographic principles
1073, Expertise in security protocols
1074, Familiarity with authentication mechanisms
1075,knowledge of digital signatures
1076, understanding of cryptographic principles
1077, expertise in data integrity mechanisms
1078, familiarity with authentication protocols
1079,knowledge of cryptographic principles
1080, understanding of digital signatures
1081, expertise in data integrity mechanisms
1082, familiarity with secure key management practices
1083,understanding of digital signature properties
1084, knowledge of cryptography
1085, familiarity with security protocols
1086,Understanding of digital signature concepts
1087, Knowledge of cryptographic principles
1088, Familiarity with security protocols
1089, Expertise in authentication mechanisms
1090,Understanding of cryptographic principles
1091, Knowledge of digital signatures
1092, Familiarity with blockchain technology
1093, Expertise in secure coding practices
1094,understanding of digital signatures
1095, knowledge of cryptography principles
1096, awareness of authentication mechanisms
1097, expertise in secure coding practices
1098,understanding of cryptographic principles
1099, knowledge of digital signatures
1100, expertise in encryption techniques
1101, familiarity with secure key management practices
1102,knowledge of cryptographic principles
1103, understanding of digital signatures
1104, expertise in secure coding practices
1105, familiarity with blockchain technology
1106,understanding of cryptography
1107, knowledge of security protocols
1108, awareness of common vulnerabilities and attacks
1109, expertise in access control mechanisms
1110,Understanding of cryptographic principles
1111, Knowledge of digital signature algorithms
1112, Familiarity with blockchain technology
1113, Expertise in secure coding practices
1114,Understanding of cryptographic principles
1115, Knowledge of digital signatures
1116, Familiarity with public key infrastructure
1117, Expertise in secure key management
1118,knowledge of cryptographic principles
1119, understanding of digital signatures
1120, expertise in secure coding practices
1121, familiarity with blockchain technology
1122,Understanding of cryptographic principles
1123, Knowledge of digital signatures
1124, Familiarity with blockchain technology
1125, Expertise in authentication mechanisms
1126,understanding of digital signatures
1127, knowledge of cryptographic principles
1128, expertise in authentication mechanisms
1129, awareness of security protocols
1130,understanding of digital signatures
1131, knowledge of cryptographic principles
1132, expertise in authentication mechanisms
1133, familiarity with secure coding practices
1134,Understanding of cryptographic principles
1135, Knowledge of digital signatures
1136, Familiarity with blockchain technology
1137, Expertise in secure coding practices
1138,Understanding of digital signatures
1139, Knowledge of cryptography principles
1140, Familiarity with authentication mechanisms
1141, Expertise in secure coding practices
1142,knowledge of cryptographic principles
1143, understanding of digital signatures
1144, expertise in authentication mechanisms
1145, familiarity with blockchain technology
1146,Understanding of cryptographic principles
1147, Knowledge of digital signature algorithms
1148, Familiarity with public key infrastructure
1149, Expertise in secure authentication mechanisms
1150,knowledge of digital signatures
1151, understanding of cryptographic principles
1152, expertise in authentication mechanisms
1153, familiarity with access control systems
1154,understanding of digital signatures
1155, knowledge of cryptographic principles
1156, familiarity with authentication mechanisms
1157, expertise in secure coding practices
1158,knowledge of digital signatures
1159, understanding of cryptographic principles
1160, expertise in authentication methods
1161, familiarity with security protocols
1162,understanding of cryptography
1163, knowledge of security protocols
1164, awareness of cyber attacks
1165, expertise in access control
1166,understanding of cryptography
1167, knowledge of secure authentication methods
1168, expertise in data encryption standards
1169, familiarity with security protocols
1170,knowledge of cryptographic principles
1171, understanding of digital signatures
1172, expertise in secure coding practices
1173, familiarity with blockchain technology
1174,Understanding of cryptographic principles
1175, Knowledge of digital signatures
1176, Familiarity with public key infrastructure
1177, Expertise in secure coding practices
1178,Understanding of cryptographic principles
1179, Knowledge of digital signatures
1180, Familiarity with blockchain technology
1181, Expertise in secure coding practices
1182,knowledge of cryptographic principles
1183, understanding of digital signatures
1184, expertise in secure key management
1185, familiarity with authentication protocols
1186,Understanding of cryptographic principles
1187, Knowledge of digital signature mechanisms
1188, Familiarity with public key infrastructure
1189, Expertise in secure coding practices
1190,understanding of cryptography
1191, knowledge of security protocols
1192, expertise in data encryption
1193, familiarity with network security concepts
1194,understanding of cryptographic principles
1195, knowledge of digital signatures
1196, expertise in authentication mechanisms
1197, familiarity with blockchain technology
1198,Understanding of cryptographic principles
1199, Knowledge of digital signature algorithms
1200, Familiarity with blockchain technology
1201, Expertise in secure coding practices
1202,understanding of cryptography
1203, knowledge of security protocols
1204, familiarity with network security concepts
1205, expertise in digitally signed documents
1206,knowledge of digital signatures
1207, understanding of cryptographic principles
1208, expertise in security protocols
1209, familiarity with authentication methods
1210,understanding of cryptography
1211, knowledge of security protocols
1212, expertise in data encryption
1213, familiarity with access control mechanisms
1214,understanding of digital signature mechanisms
1215, knowledge of cryptographic principles
1216, awareness of authentication protocols
1217, expertise in secure key management
1218,understanding of digital signatures
1219, knowledge of cryptographic principles
1220, expertise in secure authentication methods
1221, familiarity with blockchain technology
1222,understanding of cryptography
1223, knowledge of security protocols
1224, awareness of data security concepts
1225, expertise in identifying and preventing vulnerabilities
1226,Understanding of cryptographic principles
1227, Knowledge of digital signature mechanisms
1228, Familiarity with access control models
1229, Expertise in secure key management
1230,understanding of cryptographic principles
1231, knowledge of digital signature mechanisms
1232, expertise in data integrity verification techniques
1233, familiarity with access control models
1234,understanding of cryptographic principles
1235, knowledge of digital signatures
1236, expertise in blockchain technology
1237, familiarity with authentication protocols
1238,Understanding of cryptographic principles
1239, Knowledge of digital signature mechanisms
1240, Familiarity with blockchain technology
1241, Expertise in secure coding practices
1242,understanding of cryptographic principles
1243, knowledge of digital signatures
1244, expertise in secure coding practices
1245, familiarity with blockchain technology
1246,knowledge of digital signatures
1247, understanding of cryptographic principles
1248, expertise in authentication mechanisms
1249, familiarity with security protocols
1250,Understanding of digital signatures
1251, Knowledge of cryptographic principles
1252, Familiarity with authentication mechanisms
1253, Expertise in secure coding practices
1254,understanding of cryptography
1255, knowledge of security protocols
1256, awareness of identity management concepts
1257,Understanding of cryptographic principles
1258, Knowledge of digital signatures
1259, Familiarity with blockchain technology
1260, Expertise in secure coding practices
1261,understanding of cryptography
1262, knowledge of security protocols
1263, expertise in cybersecurity trends
1264, familiarity with identity management concepts
1265,Understanding of cryptographic principles
1266, Knowledge of digital signatures
1267, Expertise in access control mechanisms
1268, Familiarity with authentication protocols
1269,Understanding of digital signature properties
1270, Knowledge of cryptography
1271, Familiarity with security protocols
1272, Expertise in data integrity mechanisms
1273,Understanding of cryptographic principles
1274, Knowledge of digital signature algorithms
1275, Familiarity with authentication mechanisms
1276, Expertise in secure key management
1277,Understanding of cryptographic principles
1278, Knowledge of digital signatures
1279, Familiarity with blockchain technology
1280, Expertise in secure coding practices
1281,Understanding of cryptographic principles
1282, Knowledge of digital signature mechanisms
1283, Expertise in authentication protocols
1284, Familiarity with public key infrastructure
1285,knowledge of cryptographic principles
1286, understanding of digital signatures
1287, expertise in public key infrastructure
1288, familiarity with blockchain technology
1289,Understanding of digital signatures
1290, Knowledge of cryptographic principles
1291, Familiarity with authentication mechanisms
1292, Expertise in cybersecurity practices
1293,knowledge of digital signatures
1294, understanding of cryptographic principles
1295, expertise in authentication mechanisms
1296, familiarity with security protocols
1297,understanding of cryptography
1298, knowledge of security protocols
1299, awareness of trust models
1300, expertise in access control
1301,knowledge of digital signatures
1302, understanding of cryptographic principles
1303, expertise in authentication mechanisms
1304, familiarity with data integrity concepts
1305,knowledge of cryptographic principles
1306, understanding of digital signatures
1307, expertise in public key infrastructure
1308, familiarity with hash functions
1309,Understanding of cryptographic principles
1310, Knowledge of digital signatures
1311, Expertise in data integrity mechanisms
1312, Familiarity with authentication protocols
1313,Understanding of cryptographic principles
1314, Knowledge of digital signatures
1315, Familiarity with authentication mechanisms
1316, Expertise in data integrity techniques
1317,knowledge of digital signatures
1318, understanding of cryptographic principles
1319, expertise in security protocols
1320, familiarity with authentication mechanisms
1321,understanding of cryptography
1322, knowledge of security standards and protocols
1323, expertise in data encryption techniques
1324, familiarity with security algorithms
1325,understanding of digital signatures
1326, knowledge of cryptographic principles
1327, expertise in authentication mechanisms
1328, familiarity with security protocols
1329,Understanding of digital signatures
1330, Knowledge of cryptographic principles
1331, Familiarity with authentication mechanisms
1332, Expertise in cybersecurity best practices
1333,Understanding of digital signature concepts
1334, Knowledge of cryptographic principles
1335, Familiarity with security protocols
1336, Awareness of authentication mechanisms
1337,Understanding of cryptographic principles
1338, Knowledge of digital signatures
1339, Familiarity with blockchain technology
1340, Expertise in cybersecurity protocols
1341,understanding of cryptographic principles
1342, knowledge of digital signatures
1343, familiarity with public key infrastructure
1344, expertise in encryption techniques
1345,Understanding of digital signature properties
1346, Knowledge of cryptographic principles
1347, Expertise in security protocols
1348, Familiarity with authentication mechanisms
1349,understanding of digital signatures
1350, knowledge of cryptographic principles
1351, familiarity with authentication mechanisms
1352, expertise in data integrity concepts
1353,knowledge of cryptographic principles
1354, understanding of digital signatures
1355, expertise in secure key management
1356, familiarity with blockchain technology
1357,Understanding of cryptographic principles
1358, Knowledge of digital signature mechanisms
1359, Familiarity with access control models
1360, Insight into secure key management practices
1361,understanding of cryptography
1362, knowledge of security standards and protocols
1363, expertise in access control management
1364, familiarity with identity and access management systems
1365,Understanding of cryptographic principles
1366, Knowledge of digital signatures
1367, Familiarity with public key infrastructure
1368, Expertise in secure authentication protocols
1369,knowledge of digital signatures
1370, understanding of cryptographic principles
1371, expertise in authentication mechanisms
1372, familiarity with security protocols
1373,Understanding of digital signatures
1374, Knowledge of cryptographic principles
1375, Familiarity with authentication mechanisms
1376, Expertise in data integrity concepts
1377,Understanding of cryptographic principles
1378, Knowledge of digital signatures
1379, Expertise in data security protocols
1380, Familiarity with authentication mechanisms
1381,Understanding of cryptographic principles
1382, Knowledge of digital signatures
1383, Familiarity with blockchain technology
1384, Expertise in data encryption methods
1385,understanding of cryptography
1386, knowledge of security principles
1387, awareness of access control mechanisms
1388,understanding of digital signature mechanisms
1389, knowledge of cryptographic principles
1390, awareness of authentication methods
1391, expertise in blockchain technology
1392,Understanding of digital signature concepts
1393, Knowledge of cryptographic principles
1394, Familiarity with security protocols
1395, Expertise in authentication mechanisms
1396,Understanding of cryptographic principles
1397, Knowledge of digital signatures
1398, Familiarity with blockchain technology
1399, Expertise in data encryption techniques
1400,understanding of cryptography
1401, knowledge of security protocols
1402, expertise in data encryption techniques
1403, awareness of common vulnerabilities and attacks
1404,understanding of cryptography
1405, knowledge of secure communication protocols
1406, expertise in identity and access management
1407, familiarity with security standards and regulations
1408,Understanding of cryptographic principles
1409, Knowledge of digital signature mechanisms
1410, Expertise in secure data transmission protocols
1411, Familiarity with authentication and access control systems
1412,Understanding of digital signature concepts
1413, Knowledge of cryptographic principles
1414, Familiarity with authentication mechanisms
1415, Expertise in data integrity verification methods
1416,Understanding of digital signatures
1417, Knowledge of cryptographic principles
1418, Familiarity with authentication mechanisms
1419, Expertise in secure coding practices
1420,understanding of cryptography
1421, knowledge of secure data management
1422, awareness of access control measures
1423, expertise in network security
1424,knowledge of digital signatures
1425, understanding of cryptographic principles
1426, expertise in security protocols
1427, familiarity with authentication mechanisms
1428,understanding of digital signatures
1429, knowledge of cryptographic principles
1430, awareness of authentication mechanisms
1431, expertise in data integrity methods
1432,Understanding of digital signatures
1433, Knowledge of cryptographic principles
1434, Familiarity with blockchain technology
1435, Expertise in cybersecurity protocols
1436,Understanding of cryptographic principles
1437, Knowledge of digital signatures
1438, Expertise in secure coding practices
1439, Familiarity with blockchain technology
1440,Understanding of digital signature mechanisms
1441, Knowledge of cryptographic principles
1442, Familiarity with authentication protocols
1443, Expertise in cyber security laws and regulations
1444,Understanding of digital signatures
1445, Knowledge of cryptographic principles
1446, Familiarity with blockchain technology
1447, Expertise in authentication mechanisms
1448,understanding of cryptography
1449, knowledge of security standards
1450, expertise in data security
1451,Understanding of cryptographic principles
1452, Knowledge of digital signatures
1453, Expertise in authentication mechanisms
1454, Familiarity with blockchain technology
1455,Understanding of digital signatures
1456, Knowledge of cryptographic principles
1457, Expertise in cybersecurity
1458, Familiarity with authentication methods
1459,knowledge of digital signatures
1460, understanding of cryptographic principles
1461, expertise in security protocols
1462, awareness of authentication mechanisms
1463,Understanding of digital signature mechanisms
1464, Knowledge of cryptographic principles
1465, Familiarity with blockchain technology
1466, Expertise in data integrity verification methods
1467,knowledge of digital signatures
1468, understanding of cryptographic principles
1469, expertise in authentication mechanisms
1470, familiarity with security protocols
1471,knowledge of cryptographic principles
1472, understanding of digital signatures
1473, expertise in public key infrastructure
1474, familiarity with blockchain technology
1475,knowledge of cryptographic principles
1476, understanding of digital signatures
1477, expertise in authentication mechanisms
1478, familiarity with access control systems
1479,Understanding of digital signatures
1480, Knowledge of cryptographic principles
1481, Expertise in authentication mechanisms
1482, Familiarity with access control systems
1483,Understanding of digital signature concepts
1484, Knowledge of cryptographic principles
1485, Familiarity with security protocols
1486, Expertise in authentication mechanisms
1487,Understanding of cryptographic principles
1488, Knowledge of digital signatures
1489, Expertise in secure key management
1490, Familiarity with authentication protocols
1491,understanding of cryptographic principles
1492, knowledge of digital signatures
1493, expertise in secure coding practices
1494, awareness of common security vulnerabilities
1495,Understanding of cryptographic principles
1496, Knowledge of digital signature mechanisms
1497, Familiarity with public key infrastructure
1498, Expertise in secure coding practices
1499,knowledge of cryptographic principles
1500, understanding of digital signatures
1501, expertise in public key infrastructure
1502, familiarity with encryption algorithms
1503,knowledge of digital signatures
1504, understanding of cryptographic principles
1505, expertise in authentication mechanisms
1506, familiarity with data integrity concepts
1507,Understanding of cryptographic principles
1508, Knowledge of digital signature mechanisms
1509, Familiarity with public key infrastructure
1510, Expertise in secure key management
1511,understanding of cryptographic principles
1512, knowledge of digital signatures
1513, expertise in secure coding practices
1514, familiarity with access control models
1515,knowledge of digital signatures
1516, understanding of cryptographic principles
1517, expertise in authentication mechanisms
1518, familiarity with security protocols
1519,understanding of cryptographic principles
1520, knowledge of digital signatures
1521, familiarity with blockchain technology
1522, expertise in cybersecurity
1523,Understanding of digital signature concepts
1524, Knowledge of cryptographic principles
1525, Familiarity with authentication mechanisms
1526, Expertise in cybersecurity best practices
1527,understanding of cryptography
1528, knowledge of security protocols
1529, familiarity with network security concepts
1530, expertise in identity management
1531,Understanding of digital signatures
1532, Knowledge of cryptographic principles
1533, Familiarity with authentication mechanisms
1534, Expertise in data integrity techniques
1535,Understanding of cryptographic principles
1536, Knowledge of digital signatures
1537, Familiarity with public key infrastructure
1538, Expertise in encryption techniques
1539,Understanding of digital signatures
1540, Knowledge of cryptography principles
1541, Familiarity with blockchain technology
1542, Expertise in secure coding practices
1543,knowledge of digital signatures
1544, understanding of cryptographic principles
1545, expertise in security protocols
1546, familiarity with authentication mechanisms
1547,understanding of cryptography
1548, knowledge of security protocols
1549, expertise in data encryption
1550, familiarity with network security concepts
1551,Understanding of cryptographic principles
1552, Knowledge of digital signatures
1553, Familiarity with access control mechanisms
1554, Insight into secure data management practices
1555,knowledge of digital signatures
1556, understanding of cryptographic principles
1557, expertise in authentication mechanisms
1558, familiarity with blockchain technology
1559,Understanding of cryptographic principles
1560, Knowledge of digital signature mechanisms
1561, Familiarity with access control models
1562, Expertise in authentication protocols
1563,knowledge of cryptographic principles
1564, understanding of digital signatures
1565, expertise in authentication mechanisms
1566, familiarity with secure key management practices
1567,understanding of digital signature mechanisms
1568, knowledge of cryptographic principles
1569, expertise in security protocols
1570, awareness of authentication methods
1571,Understanding of cryptographic principles
1572, Knowledge of digital signature mechanisms
1573, Familiarity with public key infrastructure
1574, Awareness of authentication and access control systems
1575,understanding of cryptographic principles
1576, knowledge of digital signatures
1577, familiarity with blockchain technology
1578, expertise in data integrity mechanisms
1579,Understanding of cryptographic principles
1580, Knowledge of digital signature mechanisms
1581, Expertise in public key infrastructure
1582, Familiarity with blockchain technology
1583,understanding of cryptography
1584, knowledge of secure storage methods
1585, familiarity with access control mechanisms
1586, expertise in data encryption standards
1587,knowledge of digital signatures
1588, understanding of cryptographic principles
1589, expertise in authentication mechanisms
1590, familiarity with data integrity concepts
1591,knowledge of digital signature properties
1592, understanding of cryptographic systems
1593, expertise in cybersecurity principles
1594,knowledge of cryptographic principles
1595, understanding of digital signatures
1596, expertise in secure key management
1597, familiarity with encryption algorithms
1598,understanding of cryptography
1599, knowledge of security protocols
1600, awareness of data protection laws
1601, expertise in identity management
1602,Understanding of digital signature concepts
1603, Knowledge of cryptographic principles
1604, Familiarity with authentication mechanisms
1605, Awareness of security protocols
1606,Understanding of digital signatures
1607, Knowledge of cryptographic principles
1608, Expertise in data integrity mechanisms
1609, Familiarity with authentication protocols
1610,knowledge of cryptographic principles
1611, understanding of digital signatures
1612, expertise in data integrity mechanisms
1613, familiarity with access control models
1614,knowledge of cryptographic principles
1615, understanding of digital signatures
1616, expertise in secure coding practices
1617, familiarity with cryptographic hash functions
1618,understanding of cryptographic principles
1619, knowledge of digital signatures
1620, familiarity with blockchain technology
1621, expertise in secure coding practices
1622,knowledge of cryptographic principles
1623, understanding of digital signatures
1624, expertise in secure key management
1625, familiarity with blockchain technology
1626,understanding of cryptographic principles
1627, knowledge of digital signatures
1628, expertise in data integrity mechanisms
1629, familiarity with access control models
1630,Understanding of cryptographic principles
1631, Knowledge of digital signatures
1632, Familiarity with blockchain technology
1633, Expertise in data integrity mechanisms
1634,understanding of cryptography
1635, knowledge of secure communication protocols
1636, expertise in network security
1637, familiarity with identity management concepts
1638,Understanding of cryptographic principles
1639, Knowledge of digital signatures
1640, Familiarity with public key infrastructure
1641, Expertise in authentication mechanisms
1642,understanding of cryptography
1643, knowledge of security protocols
1644, awareness of identity management concepts
1645,understanding of cryptography
1646, knowledge of security protocols
1647, familiarity with data integrity concepts
1648, expertise in access control mechanisms
1649,Understanding of digital signatures
1650, Knowledge of cryptographic principles
1651, Familiarity with authentication mechanisms
1652, Expertise in cybersecurity protocols
1653,understanding of cryptography
1654, knowledge of security protocols
1655, familiarity with network security concepts
1656, expertise in identifying and preventing vulnerabilities
1657,understanding of digital signatures
1658, knowledge of cryptographic principles
1659, expertise in cybersecurity protocols
1660, familiarity with authentication mechanisms
1661,understanding of digital signature concepts
1662, knowledge of cryptographic principles
1663, familiarity with authentication mechanisms
1664, expertise in security protocols
1665,understanding of cryptography
1666, knowledge of security standards
1667, familiarity with secure authentication mechanisms
1668, expertise in data encryption techniques
1669,Understanding of cryptographic principles
1670, Knowledge of digital signature mechanisms
1671, Familiarity with blockchain technology
1672, Expertise in secure key management
1673,knowledge of cryptographic principles
1674, understanding of digital signatures
1675, expertise in secure key management
1676, familiarity with blockchain technology
1677,Understanding of cryptographic principles
1678, Knowledge of digital signatures
1679, Familiarity with blockchain technology
1680, Expertise in secure coding practices
1681,Understanding of cryptographic principles
1682, Knowledge of digital signatures
1683, Familiarity with authentication mechanisms
1684, Expertise in secure key management
1685,knowledge of digital signatures
1686, understanding of cryptographic principles
1687, expertise in security protocols
1688, familiarity with authentication mechanisms
1689,Understanding of digital signatures
1690, Knowledge of cryptography principles
1691, Familiarity with security protocols
1692, Expertise in authentication mechanisms
1693,Understanding of digital signatures
1694, Knowledge of cryptographic principles
1695, Expertise in secure coding practices
1696, Familiarity with blockchain technology
1697,knowledge of digital signatures
1698, understanding of cryptographic principles
1699, expertise in secure key management
1700, familiarity with authentication mechanisms
1701,Understanding of digital signature concepts
1702, Knowledge of cryptographic principles
1703, Familiarity with authentication mechanisms
1704, Expertise in data integrity methods
1705,understanding of cryptography
1706, knowledge of secure communication protocols
1707, familiarity with identity management concepts
1708, expertise in security standards and best practices
1709,knowledge of cryptographic principles
1710, understanding of digital signatures
1711, expertise in secure coding practices
1712, familiarity with encryption algorithms
1713,knowledge of cryptographic principles
1714, understanding of digital signatures
1715, expertise in authentication mechanisms
1716, familiarity with secure key management practices
1717,knowledge of cryptographic principles
1718, understanding of digital signatures
1719, expertise in secure authentication methods
1720, familiarity with blockchain technology
1721,understanding of cryptography
1722, knowledge of security protocols
1723, familiarity with network security concepts
1724, expertise in data encryption standards
1725,understanding of cryptography
1726, knowledge of secure communication protocols
1727, expertise in identity and access management
1728, familiarity with security standards and regulations
1729,Understanding of digital signatures
1730, Knowledge of cryptographic principles
1731, Expertise in security protocols
1732, Familiarity with authentication mechanisms
1733,knowledge of cryptographic principles
1734, understanding of digital signatures
1735, expertise in secure key management
1736, familiarity with authentication protocols
1737,knowledge of cryptographic principles
1738, understanding of digital signatures
1739, expertise in encryption techniques
1740, familiarity with authentication methods
1741,understanding of cryptography
1742, knowledge of security protocols
1743, awareness of data protection laws
1744, expertise in network security
1745,knowledge of cryptographic principles
1746, understanding of digital signatures
1747, expertise in secure coding practices
1748, familiarity with authentication mechanisms
1749,knowledge of cryptographic principles
1750, understanding of digital signatures
1751, expertise in public key infrastructure
1752, familiarity with encryption algorithms
1753,Understanding of digital signatures
1754, Knowledge of cryptographic principles
1755, Familiarity with authentication mechanisms
1756, Expertise in data integrity concepts
1757,knowledge of cryptographic principles
1758, understanding of digital signatures
1759, expertise in secure key management
1760, familiarity with authentication protocols
1761,knowledge of cryptographic principles
1762, understanding of digital signatures
1763, expertise in secure coding practices
1764, familiarity with cryptographic protocols
1765,Understanding of digital signatures
1766, Knowledge of cryptographic principles
1767, Expertise in data security protocols
1768, Familiarity with authentication mechanisms
1769,Understanding of cryptographic principles
1770, Knowledge of digital signature mechanisms
1771, Expertise in secure key management
1772, Familiarity with authentication protocols
1773,Understanding of digital signatures
1774, Knowledge of cryptographic principles
1775, Familiarity with authentication mechanisms
1776, Expertise in secure coding practices
1777,Understanding of cryptographic principles
1778, Knowledge of digital signature mechanisms
1779, Expertise in data integrity verification techniques
1780, Familiarity with access control models
1781,understanding of cryptography
1782, knowledge of security protocols
1783, familiarity with security threats
1784, expertise in data encryption
1785,Understanding of digital signatures
1786, Knowledge of cryptographic principles
1787, Familiarity with authentication mechanisms
1788, Expertise in data integrity verification
1789,Understanding of cryptographic principles
1790, Knowledge of digital signatures
1791, Familiarity with authentication mechanisms
1792, Expertise in data integrity verification methods
1793,Understanding of cryptographic principles
1794, Knowledge of digital signatures
1795, Familiarity with public key infrastructure
1796, Expertise in secure key management
1797,Understanding of digital signatures
1798, Knowledge of cryptographic principles
1799, Familiarity with blockchain technology
1800, Expertise in secure coding practices
1801,Understanding of cryptographic principles
1802, Knowledge of digital signatures
1803, Expertise in secure coding practices
1804, Familiarity with access control models
1805,Understanding of cryptographic principles
1806, Knowledge of digital signatures
1807, Familiarity with blockchain technology
1808, Expertise in cybersecurity protocols
1809,Understanding of digital signatures
1810, Knowledge of cryptographic principles
1811, Expertise in security protocols
1812, Familiarity with authentication methods
1813,understanding of cryptography
1814, knowledge of security protocols
1815, familiarity with network security concepts
1816, expertise in cybercrime laws and regulations
1817,Understanding of digital signatures
1818, Knowledge of cryptographic principles
1819, Expertise in cybersecurity
1820, Familiarity with authentication mechanisms
1821,knowledge of digital signatures
1822, understanding of cryptographic principles
1823, expertise in authentication mechanisms
1824, familiarity with security protocols
1825,knowledge of digital signatures
1826, understanding of cryptographic principles
1827, expertise in security protocols
1828, familiarity with authentication mechanisms
1829,Understanding of digital signature concepts
1830, Knowledge of cryptographic principles
1831, Familiarity with authentication mechanisms
1832, Expertise in data integrity methods
1833,understanding of cryptographic principles
1834, knowledge of digital signatures
1835, familiarity with blockchain technology
1836, expertise in secure coding practices
1837,understanding of cryptography
1838, knowledge of security protocols
1839, awareness of identity management concepts
1840,Understanding of cryptographic principles
1841, Knowledge of digital signatures
1842, Familiarity with blockchain technology
1843, Expertise in data integrity mechanisms
1844,knowledge of cryptographic principles
1845, understanding of digital signatures
1846, expertise in secure key management
1847, familiarity with authentication mechanisms
1848,Understanding of cryptographic principles
1849, Knowledge of digital signature mechanisms
1850, Expertise in secure key management
1851, Familiarity with authentication protocols
1852,understanding of cryptography
1853, knowledge of security protocols
1854, awareness of network security threats
1855, expertise in identity and access management
1856,Understanding of cryptographic principles
1857, Knowledge of digital signature mechanisms
1858, Expertise in public key infrastructure
1859, Familiarity with authentication protocols
1860,Understanding of digital signature concepts
1861, Knowledge of cryptographic principles
1862, Familiarity with authentication mechanisms
1863, Expertise in data integrity methods
1864,Understanding of cryptographic principles
1865, Knowledge of digital signature mechanisms
1866, Familiarity with blockchain technology
1867, Expertise in secure key management
1868,Understanding of cryptographic principles
1869, Knowledge of digital signatures
1870, Familiarity with blockchain technology
1871, Expertise in secure coding practices
1872,understanding of cryptography
1873, knowledge of secure authentication methods
1874, expertise in data encryption standards
1875, awareness of common vulnerabilities and attacks
1876,understanding of cryptography
1877, knowledge of security principles
1878, awareness of security threats
1879, expertise in access control
1880,Understanding of cryptographic principles
1881, Knowledge of digital signatures
1882, Familiarity with public key infrastructure
1883, Expertise in secure coding practices
1884,understanding of cryptographic principles
1885, knowledge of digital signatures
1886, expertise in authentication mechanisms
1887, familiarity with encryption techniques
1888,understanding of cryptography
1889, knowledge of secure data management
1890, expertise in network security
1891, familiarity with identity and access management
1892,knowledge of cryptographic principles
1893, understanding of digital signatures
1894, expertise in data integrity mechanisms
1895, familiarity with access control models
1896,knowledge of digital signatures
1897, understanding of cryptographic principles
1898, expertise in authentication mechanisms
1899, familiarity with security protocols
1900,Understanding of cryptographic principles
1901, Knowledge of digital signatures
1902, Familiarity with blockchain technology
1903, Expertise in cybersecurity protocols
1904,understanding of cryptography
1905, knowledge of security protocols
1906, expertise in data encryption techniques
1907, awareness of common vulnerabilities and attacks
1908,knowledge of cryptographic principles
1909, understanding of digital signatures
1910, expertise in encryption techniques
1911, familiarity with security protocols
1912,Understanding of cryptographic principles
1913, Knowledge of digital signature mechanisms
1914, Familiarity with blockchain technology
1915, Expertise in cybersecurity protocols
1916,knowledge of digital signatures
1917, understanding of cryptographic principles
1918, expertise in data integrity mechanisms
1919, familiarity with authentication protocols
1920,Understanding of cryptographic principles
1921, Knowledge of digital signatures
1922, Familiarity with access control mechanisms
1923, Expertise in authentication protocols
1924,Understanding of digital signatures
1925, Knowledge of cryptographic principles
1926, Expertise in cybersecurity protocols
1927, Familiarity with blockchain technology
1928,Understanding of digital signatures
1929, Knowledge of cryptographic principles
1930, Familiarity with authentication mechanisms
1931, Expertise in secure coding practices
1932,Understanding of cryptographic principles
1933, Knowledge of digital signature mechanisms
1934, Expertise in public key infrastructure
1935, Familiarity with blockchain technology
1936,Understanding of digital signatures
1937, Knowledge of cryptography principles
1938, Expertise in secure coding practices
1939, Familiarity with authentication protocols
1940,Understanding of digital signature properties
1941, Knowledge of cryptography
1942, Familiarity with security protocols
1943, Expertise in data integrity mechanisms
1944,knowledge of digital signatures
1945, understanding of cryptographic principles
1946, expertise in secure coding practices
1947, familiarity with authentication mechanisms
1948,Understanding of digital signature concepts
1949, Knowledge of cryptographic principles
1950, Familiarity with security protocols
1951, Expertise in data integrity mechanisms
1952,knowledge of digital signatures
1953, understanding of cryptographic principles
1954, expertise in authentication mechanisms
1955, familiarity with security protocols
1956,knowledge of digital signatures
1957, understanding of cryptographic principles
1958, expertise in authentication mechanisms
1959, familiarity with security protocols
1960,Understanding of cryptographic principles
1961, Knowledge of digital signatures
1962, Familiarity with public key infrastructure
1963, Expertise in hash functions
1964,understanding of cryptography
1965, knowledge of secure authentication methods
1966, familiarity with security standards and protocols
1967, expertise in data encryption techniques
1968, awareness of common vulnerabilities and attacks
1969,knowledge of digital signatures
1970, understanding of cryptographic principles
1971, expertise in authentication mechanisms
1972, familiarity with security protocols
1973,Understanding of cryptographic principles
1974, Knowledge of digital signatures
1975, Familiarity with blockchain technology
1976, Expertise in secure coding practices
1977,understanding of cryptography
1978, knowledge of security protocols
1979, familiarity with security standards and regulations
