,label,0,1,2,3,4,5,6,7,8
0,"1,6",0,1,0,0,0,0,1,0,0
1,5,0,0,0,0,0,1,0,0,0
2,0,1,0,0,0,0,0,0,0,0
3,"0,4",1,0,0,0,1,0,0,0,0
4,0,1,0,0,0,0,0,0,0,0
5,"0,1,5",1,1,0,0,0,1,0,0,0
6,0,1,0,0,0,0,0,0,0,0
7,"0,1,5",1,1,0,0,0,1,0,0,0
8,0,1,0,0,0,0,0,0,0,0
9,"0,4",1,0,0,0,1,0,0,0,0
10,"0,1,7",1,1,0,0,0,0,0,1,0
11,"1,7",0,1,0,0,0,0,0,1,0
12,0,1,0,0,0,0,0,0,0,0
13,0,1,0,0,0,0,0,0,0,0
14,"0,1,5,7",1,1,0,0,0,1,0,1,0
15,"1,2,5,6,7,8",0,1,1,0,0,1,1,1,1
16,0,1,0,0,0,0,0,0,0,0
17,"0,5,7",1,0,0,0,0,1,0,1,0
18,"1,7",0,1,0,0,0,0,0,1,0
19,"0,1,5,7",1,1,0,0,0,1,0,1,0
20,0,1,0,0,0,0,0,0,0,0
21,0,1,0,0,0,0,0,0,0,0
22,"0,1",1,1,0,0,0,0,0,0,0
23,0,1,0,0,0,0,0,0,0,0
24,"1,7",0,1,0,0,0,0,0,1,0
25,0,1,0,0,0,0,0,0,0,0
26,0,1,0,0,0,0,0,0,0,0
27,0,1,0,0,0,0,0,0,0,0
28,0,1,0,0,0,0,0,0,0,0
29,0,1,0,0,0,0,0,0,0,0
30,1,0,1,0,0,0,0,0,0,0
31,1,0,1,0,0,0,0,0,0,0
32,"1,2",0,1,1,0,0,0,0,0,0
33,1,0,1,0,0,0,0,0,0,0
34,0,1,0,0,0,0,0,0,0,0
35,1,0,1,0,0,0,0,0,0,0
36,0,1,0,0,0,0,0,0,0,0
37,0,1,0,0,0,0,0,0,0,0
38,0,1,0,0,0,0,0,0,0,0
39,0,1,0,0,0,0,0,0,0,0
40,0,1,0,0,0,0,0,0,0,0
41,0,1,0,0,0,0,0,0,0,0
42,0,1,0,0,0,0,0,0,0,0
43,0,1,0,0,0,0,0,0,0,0
44,0,1,0,0,0,0,0,0,0,0
45,0,1,0,0,0,0,0,0,0,0
46,0,1,0,0,0,0,0,0,0,0
47,"1,7",0,1,0,0,0,0,0,1,0
48,0,1,0,0,0,0,0,0,0,0
49,"2,3",0,0,1,1,0,0,0,0,0
50,"1,5",0,1,0,0,0,1,0,0,0
51,"0,1,5,6,7,8",1,1,0,0,0,1,1,1,1
52,"0,1",1,1,0,0,0,0,0,0,0
53,"0,1,5,7",1,1,0,0,0,1,0,1,0
54,"1,2,5",0,1,1,0,0,1,0,0,0
55,0,1,0,0,0,0,0,0,0,0
56,0,1,0,0,0,0,0,0,0,0
57,0,1,0,0,0,0,0,0,0,0
58,0,1,0,0,0,0,0,0,0,0
59,"0,1,5,7",1,1,0,0,0,1,0,1,0
60,1,0,1,0,0,0,0,0,0,0
61,"1,2,5",0,1,1,0,0,1,0,0,0
62,1,0,1,0,0,0,0,0,0,0
63,"1,7",0,1,0,0,0,0,0,1,0
64,0,1,0,0,0,0,0,0,0,0
65,"0,4",1,0,0,0,1,0,0,0,0
66,0,1,0,0,0,0,0,0,0,0
67,0,1,0,0,0,0,0,0,0,0
68,0,1,0,0,0,0,0,0,0,0
69,"0,1,2,3,4,5,7",1,1,1,1,1,1,0,1,0
70,0,1,0,0,0,0,0,0,0,0
71,"1,5,7",0,1,0,0,0,1,0,1,0
72,"1,7",0,1,0,0,0,0,0,1,0
73,"1,2,3",0,1,1,1,0,0,0,0,0
74,1,0,1,0,0,0,0,0,0,0
75,"0,1,5,6,7,8",1,1,0,0,0,1,1,1,1
76,"2,3",0,0,1,1,0,0,0,0,0
77,"0,1,2,3,4,5,6,7,8",1,1,1,1,1,1,1,1,1
78,0,1,0,0,0,0,0,0,0,0
79,1,0,1,0,0,0,0,0,0,0
80,0,1,0,0,0,0,0,0,0,0
81,0,1,0,0,0,0,0,0,0,0
82,1,0,1,0,0,0,0,0,0,0
83,"1,5",0,1,0,0,0,1,0,0,0
84,"1,5,7",0,1,0,0,0,1,0,1,0
85,"0,1,5,7",1,1,0,0,0,1,0,1,0
86,"1,5",0,1,0,0,0,1,0,0,0
87,"1,0",1,1,0,0,0,0,0,0,0
88,"1,7",0,1,0,0,0,0,0,1,0
89,0,1,0,0,0,0,0,0,0,0
90,0,1,0,0,0,0,0,0,0,0
91,0,1,0,0,0,0,0,0,0,0
92,"1,5,7",0,1,0,0,0,1,0,1,0
93,7,0,0,0,0,0,0,0,1,0
94,1,0,1,0,0,0,0,0,0,0
95,1,0,1,0,0,0,0,0,0,0
96,7,0,0,0,0,0,0,0,1,0
97,0,1,0,0,0,0,0,0,0,0
98,0,1,0,0,0,0,0,0,0,0
99,1,0,1,0,0,0,0,0,0,0
100,"0,1",1,1,0,0,0,0,0,0,0
101,"1,2",0,1,1,0,0,0,0,0,0
102,1,0,1,0,0,0,0,0,0,0
103,"1,4",0,1,0,0,1,0,0,0,0
104,"1,2",0,1,1,0,0,0,0,0,0
105,"2,3",0,0,1,1,0,0,0,0,0
106,"1,2",0,1,1,0,0,0,0,0,0
107,0,1,0,0,0,0,0,0,0,0
108,0,1,0,0,0,0,0,0,0,0
109,0,1,0,0,0,0,0,0,0,0
110,"0,7",1,0,0,0,0,0,0,1,0
111,1,0,1,0,0,0,0,0,0,0
112,1,0,1,0,0,0,0,0,0,0
113,1,0,1,0,0,0,0,0,0,0
114,"1,2",0,1,1,0,0,0,0,0,0
115,0,1,0,0,0,0,0,0,0,0
116,0,1,0,0,0,0,0,0,0,0
117,0,1,0,0,0,0,0,0,0,0
118,0,1,0,0,0,0,0,0,0,0
119,"1,6",0,1,0,0,0,0,1,0,0
120,"2,5",0,0,1,0,0,1,0,0,0
121,0,1,0,0,0,0,0,0,0,0
122,"2,5",0,0,1,0,0,1,0,0,0
123,0,1,0,0,0,0,0,0,0,0
124,"0,1,2,5,7",1,1,1,0,0,1,0,1,0
125,"0,5",1,0,0,0,0,1,0,0,0
126,"0,4",1,0,0,0,1,0,0,0,0
127,"0,1,5,7",1,1,0,0,0,1,0,1,0
128,"0,1,2,5",1,1,1,0,0,1,0,0,0
129,"0,4",1,0,0,0,1,0,0,0,0
130,"0,1,5,7",1,1,0,0,0,1,0,1,0
131,"1,5",0,1,0,0,0,1,0,0,0
132,0,1,0,0,0,0,0,0,0,0
133,"0,1,5,7",1,1,0,0,0,1,0,1,0
134,"1,5",0,1,0,0,0,1,0,0,0
135,"0,1,4,5",1,1,0,0,1,1,0,0,0
136,"0,1,5",1,1,0,0,0,1,0,0,0
137,1,0,1,0,0,0,0,0,0,0
138,1,0,1,0,0,0,0,0,0,0
139,"1,0",1,1,0,0,0,0,0,0,0
140,1,0,1,0,0,0,0,0,0,0
141,0,1,0,0,0,0,0,0,0,0
142,0,1,0,0,0,0,0,0,0,0
143,"0,1,5",1,1,0,0,0,1,0,0,0
144,"0,1,5",1,1,0,0,0,1,0,0,0
145,0,1,0,0,0,0,0,0,0,0
146,0,1,0,0,0,0,0,0,0,0
147,0,1,0,0,0,0,0,0,0,0
148,0,1,0,0,0,0,0,0,0,0
149,5,0,0,0,0,0,1,0,0,0
150,"0,1,5,7",1,1,0,0,0,1,0,1,0
151,0,1,0,0,0,0,0,0,0,0
152,0,1,0,0,0,0,0,0,0,0
153,0,1,0,0,0,0,0,0,0,0
154,0,1,0,0,0,0,0,0,0,0
155,0,1,0,0,0,0,0,0,0,0
156,0,1,0,0,0,0,0,0,0,0
157,0,1,0,0,0,0,0,0,0,0
158,"1,0",1,1,0,0,0,0,0,0,0
159,"1,7",0,1,0,0,0,0,0,1,0
160,"0,5",1,0,0,0,0,1,0,0,0
161,"1,5",0,1,0,0,0,1,0,0,0
162,"1,6",0,1,0,0,0,0,1,0,0
163,0,1,0,0,0,0,0,0,0,0
164,"0,1,6",1,1,0,0,0,0,1,0,0
165,"0,1,5,7",1,1,0,0,0,1,0,1,0
166,"0,1,6",1,1,0,0,0,0,1,0,0
167,"0,1,5,7",1,1,0,0,0,1,0,1,0
168,0,1,0,0,0,0,0,0,0,0
169,0,1,0,0,0,0,0,0,0,0
170,"0,1,5",1,1,0,0,0,1,0,0,0
171,1,0,1,0,0,0,0,0,0,0
172,"1,2",0,1,1,0,0,0,0,0,0
173,0,1,0,0,0,0,0,0,0,0
174,1,0,1,0,0,0,0,0,0,0
175,"2,5",0,0,1,0,0,1,0,0,0
176,"1,5,7",0,1,0,0,0,1,0,1,0
177,"1,5,7",0,1,0,0,0,1,0,1,0
178,"1,5",0,1,0,0,0,1,0,0,0
179,"1,5",0,1,0,0,0,1,0,0,0
180,0,1,0,0,0,0,0,0,0,0
181,0,1,0,0,0,0,0,0,0,0
182,0,1,0,0,0,0,0,0,0,0
183,0,1,0,0,0,0,0,0,0,0
184,0,1,0,0,0,0,0,0,0,0
185,0,1,0,0,0,0,0,0,0,0
186,6,0,0,0,0,0,0,1,0,0
187,"1,2,5",0,1,1,0,0,1,0,0,0
188,0,1,0,0,0,0,0,0,0,0
189,1,0,1,0,0,0,0,0,0,0
190,"1,5",0,1,0,0,0,1,0,0,0
191,0,1,0,0,0,0,0,0,0,0
192,0,1,0,0,0,0,0,0,0,0
193,0,1,0,0,0,0,0,0,0,0
194,"0,1,2",1,1,1,0,0,0,0,0,0
195,0,1,0,0,0,0,0,0,0,0
196,1,0,1,0,0,0,0,0,0,0
197,"1,5",0,1,0,0,0,1,0,0,0
198,"1,5,7",0,1,0,0,0,1,0,1,0
199,0,1,0,0,0,0,0,0,0,0
200,"1,7",0,1,0,0,0,0,0,1,0
201,"0,1,2,5,6,7,8",1,1,1,0,0,1,1,1,1
202,"1,5,7",0,1,0,0,0,1,0,1,0
203,1,0,1,0,0,0,0,0,0,0
204,1,0,1,0,0,0,0,0,0,0
205,7,0,0,0,0,0,0,0,1,0
206,0,1,0,0,0,0,0,0,0,0
207,0,1,0,0,0,0,0,0,0,0
208,0,1,0,0,0,0,0,0,0,0
209,"0,1,5,7",1,1,0,0,0,1,0,1,0
210,0,1,0,0,0,0,0,0,0,0
211,"0,1,5",1,1,0,0,0,1,0,0,0
212,"1,5",0,1,0,0,0,1,0,0,0
213,6,0,0,0,0,0,0,1,0,0
214,"0,1,5,7",1,1,0,0,0,1,0,1,0
215,1,0,1,0,0,0,0,0,0,0
216,0,1,0,0,0,0,0,0,0,0
217,"0,1,5",1,1,0,0,0,1,0,0,0
218,"0,1,5,7",1,1,0,0,0,1,0,1,0
219,0,1,0,0,0,0,0,0,0,0
220,0,1,0,0,0,0,0,0,0,0
221,"0,1,7",1,1,0,0,0,0,0,1,0
222,"0,5",1,0,0,0,0,1,0,0,0
223,"0,4,5",1,0,0,0,1,1,0,0,0
224,1,0,1,0,0,0,0,0,0,0
225,1,0,1,0,0,0,0,0,0,0
226,"1,5",0,1,0,0,0,1,0,0,0
227,"4,1",0,1,0,0,1,0,0,0,0
228,"0,1,2,3,4,5,6,7,8",1,1,1,1,1,1,1,1,1
229,"1,4,5",0,1,0,0,1,1,0,0,0
230,0,1,0,0,0,0,0,0,0,0
231,"1,5",0,1,0,0,0,1,0,0,0
232,"1,4",0,1,0,0,1,0,0,0,0
233,"0,1,7",1,1,0,0,0,0,0,1,0
234,"1,4",0,1,0,0,1,0,0,0,0
235,"1,0",1,1,0,0,0,0,0,0,0
236,0,1,0,0,0,0,0,0,0,0
237,5,0,0,0,0,0,1,0,0,0
238,0,1,0,0,0,0,0,0,0,0
239,6,0,0,0,0,0,0,1,0,0
240,"0,6",1,0,0,0,0,0,1,0,0
241,"0,1,5,6,7,8",1,1,0,0,0,1,1,1,1
242,1,0,1,0,0,0,0,0,0,0
243,1,0,1,0,0,0,0,0,0,0
244,0,1,0,0,0,0,0,0,0,0
245,"0,1,2,3,4,5,6,7,8",1,1,1,1,1,1,1,1,1
246,"4,1",0,1,0,0,1,0,0,0,0
247,"0,1,5,7",1,1,0,0,0,1,0,1,0
248,0,1,0,0,0,0,0,0,0,0
249,0,1,0,0,0,0,0,0,0,0
250,7,0,0,0,0,0,0,0,1,0
251,"1,5",0,1,0,0,0,1,0,0,0
252,"1,5,6",0,1,0,0,0,1,1,0,0
253,"1,3",0,1,0,1,0,0,0,0,0
254,0,1,0,0,0,0,0,0,0,0
255,0,1,0,0,0,0,0,0,0,0
256,"2,5",0,0,1,0,0,1,0,0,0
257,"0,4",1,0,0,0,1,0,0,0,0
258,"0,4",1,0,0,0,1,0,0,0,0
259,0,1,0,0,0,0,0,0,0,0
260,"1,4",0,1,0,0,1,0,0,0,0
261,0,1,0,0,0,0,0,0,0,0
262,0,1,0,0,0,0,0,0,0,0
263,0,1,0,0,0,0,0,0,0,0
264,1,0,1,0,0,0,0,0,0,0
265,"2,3,4,5",0,0,1,1,1,1,0,0,0
266,"1,5",0,1,0,0,0,1,0,0,0
267,"1,5",0,1,0,0,0,1,0,0,0
268,0,1,0,0,0,0,0,0,0,0
269,"1,5,6,7,8",0,1,0,0,0,1,1,1,1
270,"2,3",0,0,1,1,0,0,0,0,0
271,0,1,0,0,0,0,0,0,0,0
272,"1,2,5",0,1,1,0,0,1,0,0,0
273,"2,3",0,0,1,1,0,0,0,0,0
274,"2,3",0,0,1,1,0,0,0,0,0
275,"1,7",0,1,0,0,0,0,0,1,0
276,"2,3",0,0,1,1,0,0,0,0,0
277,"0,1,2,5",1,1,1,0,0,1,0,0,0
278,"2,5",0,0,1,0,0,1,0,0,0
279,"0,1,5",1,1,0,0,0,1,0,0,0
280,"0,1,5,6,7,8",1,1,0,0,0,1,1,1,1
281,0,1,0,0,0,0,0,0,0,0
282,4,0,0,0,0,1,0,0,0,0
283,"1,0",1,1,0,0,0,0,0,0,0
284,0,1,0,0,0,0,0,0,0,0
285,"1,8",0,1,0,0,0,0,0,0,1
286,"1,5",0,1,0,0,0,1,0,0,0
287,1,0,1,0,0,0,0,0,0,0
288,1,0,1,0,0,0,0,0,0,0
289,6,0,0,0,0,0,0,1,0,0
290,5,0,0,0,0,0,1,0,0,0
291,1,0,1,0,0,0,0,0,0,0
292,0,1,0,0,0,0,0,0,0,0
293,"0,4,5",1,0,0,0,1,1,0,0,0
294,"0,5",1,0,0,0,0,1,0,0,0
295,0,1,0,0,0,0,0,0,0,0
296,2,0,0,1,0,0,0,0,0,0
297,0,1,0,0,0,0,0,0,0,0
298,"0,1,6,7",1,1,0,0,0,0,1,1,0
299,"1,2",0,1,1,0,0,0,0,0,0
300,1,0,1,0,0,0,0,0,0,0
301,"1,5",0,1,0,0,0,1,0,0,0
302,1,0,1,0,0,0,0,0,0,0
303,"2,3",0,0,1,1,0,0,0,0,0
304,1,0,1,0,0,0,0,0,0,0
305,0,1,0,0,0,0,0,0,0,0
306,"1,5",0,1,0,0,0,1,0,0,0
307,"1,5,6",0,1,0,0,0,1,1,0,0
308,"1,2,3,5",0,1,1,1,0,1,0,0,0
309,1,0,1,0,0,0,0,0,0,0
310,1,0,1,0,0,0,0,0,0,0
311,2,0,0,1,0,0,0,0,0,0
312,"0,1,5,6,7,8",1,1,0,0,0,1,1,1,1
313,0,1,0,0,0,0,0,0,0,0
314,0,1,0,0,0,0,0,0,0,0
315,0,1,0,0,0,0,0,0,0,0
316,"2,5",0,0,1,0,0,1,0,0,0
317,0,1,0,0,0,0,0,0,0,0
318,1,0,1,0,0,0,0,0,0,0
319,0,1,0,0,0,0,0,0,0,0
320,0,1,0,0,0,0,0,0,0,0
321,1,0,1,0,0,0,0,0,0,0
322,0,1,0,0,0,0,0,0,0,0
323,1,0,1,0,0,0,0,0,0,0
324,"0,1,6",1,1,0,0,0,0,1,0,0
325,0,1,0,0,0,0,0,0,0,0
326,1,0,1,0,0,0,0,0,0,0
327,1,0,1,0,0,0,0,0,0,0
328,0,1,0,0,0,0,0,0,0,0
329,"1,5",0,1,0,0,0,1,0,0,0
330,"0,1,5",1,1,0,0,0,1,0,0,0
331,0,1,0,0,0,0,0,0,0,0
332,"5,7",0,0,0,0,0,1,0,1,0
333,"0,1,5,6,7,8",1,1,0,0,0,1,1,1,1
334,7,0,0,0,0,0,0,0,1,0
335,"0,5,7",1,0,0,0,0,1,0,1,0
336,"0,1,5,7",1,1,0,0,0,1,0,1,0
337,"2,5",0,0,1,0,0,1,0,0,0
338,0,1,0,0,0,0,0,0,0,0
339,0,1,0,0,0,0,0,0,0,0
340,0,1,0,0,0,0,0,0,0,0
341,0,1,0,0,0,0,0,0,0,0
342,6,0,0,0,0,0,0,1,0,0
343,"1,6",0,1,0,0,0,0,1,0,0
344,1,0,1,0,0,0,0,0,0,0
345,"1,8",0,1,0,0,0,0,0,0,1
346,"1,5",0,1,0,0,0,1,0,0,0
347,"1,2",0,1,1,0,0,0,0,0,0
348,"1,0",1,1,0,0,0,0,0,0,0
349,"1,6",0,1,0,0,0,0,1,0,0
350,"1,5",0,1,0,0,0,1,0,0,0
351,"1,6",0,1,0,0,0,0,1,0,0
352,6,0,0,0,0,0,0,1,0,0
353,"0,1,6",1,1,0,0,0,0,1,0,0
354,"1,6",0,1,0,0,0,0,1,0,0
355,"1,6",0,1,0,0,0,0,1,0,0
356,0,1,0,0,0,0,0,0,0,0
357,"1,6",0,1,0,0,0,0,1,0,0
358,0,1,0,0,0,0,0,0,0,0
359,1,0,1,0,0,0,0,0,0,0
360,"0,1,6,7",1,1,0,0,0,0,1,1,0
361,7,0,0,0,0,0,0,0,1,0
362,7,0,0,0,0,0,0,0,1,0
363,7,0,0,0,0,0,0,0,1,0
364,7,0,0,0,0,0,0,0,1,0
365,"1,4",0,1,0,0,1,0,0,0,0
366,0,1,0,0,0,0,0,0,0,0
367,"1,4",0,1,0,0,1,0,0,0,0
368,"1,4",0,1,0,0,1,0,0,0,0
369,"0,4",1,0,0,0,1,0,0,0,0
370,4,0,0,0,0,1,0,0,0,0
371,0,1,0,0,0,0,0,0,0,0
372,0,1,0,0,0,0,0,0,0,0
373,"0,6",1,0,0,0,0,0,1,0,0
374,"0,7",1,0,0,0,0,0,0,1,0
375,6,0,0,0,0,0,0,1,0,0
376,"0,4",1,0,0,0,1,0,0,0,0
377,"0,1,4,5",1,1,0,0,1,1,0,0,0
378,0,1,0,0,0,0,0,0,0,0
379,1,0,1,0,0,0,0,0,0,0
380,1,0,1,0,0,0,0,0,0,0
381,0,1,0,0,0,0,0,0,0,0
382,0,1,0,0,0,0,0,0,0,0
383,"0,1,7",1,1,0,0,0,0,0,1,0
384,7,0,0,0,0,0,0,0,1,0
385,7,0,0,0,0,0,0,0,1,0
386,"1,5,7",0,1,0,0,0,1,0,1,0
387,0,1,0,0,0,0,0,0,0,0
388,1,0,1,0,0,0,0,0,0,0
389,"1,5",0,1,0,0,0,1,0,0,0
390,"1,5",0,1,0,0,0,1,0,0,0
391,"1,5",0,1,0,0,0,1,0,0,0
392,1,0,1,0,0,0,0,0,0,0
393,"0,1,5",1,1,0,0,0,1,0,0,0
394,0,1,0,0,0,0,0,0,0,0
395,0,1,0,0,0,0,0,0,0,0
396,0,1,0,0,0,0,0,0,0,0
397,"0,6",1,0,0,0,0,0,1,0,0
398,0,1,0,0,0,0,0,0,0,0
399,"0,1,2,4,5,6,7,8",1,1,1,0,1,1,1,1,1
400,"1,2,3,5",0,1,1,1,0,1,0,0,0
401,1,0,1,0,0,0,0,0,0,0
402,1,0,1,0,0,0,0,0,0,0
403,0,1,0,0,0,0,0,0,0,0
404,"2,5",0,0,1,0,0,1,0,0,0
405,"2,3",0,0,1,1,0,0,0,0,0
406,"4,1",0,1,0,0,1,0,0,0,0
407,"4,5,1",0,1,0,0,1,1,0,0,0
408,"0,1,4,5,7",1,1,0,0,1,1,0,1,0
409,"1,2",0,1,1,0,0,0,0,0,0
410,1,0,1,0,0,0,0,0,0,0
411,1,0,1,0,0,0,0,0,0,0
412,1,0,1,0,0,0,0,0,0,0
413,"1,5",0,1,0,0,0,1,0,0,0
414,"0,1,5,6,7,8",1,1,0,0,0,1,1,1,1
415,6,0,0,0,0,0,0,1,0,0
416,6,0,0,0,0,0,0,1,0,0
417,0,1,0,0,0,0,0,0,0,0
418,0,1,0,0,0,0,0,0,0,0
419,"1,4",0,1,0,0,1,0,0,0,0
420,0,1,0,0,0,0,0,0,0,0
421,"1,5,7",0,1,0,0,0,1,0,1,0
422,5,0,0,0,0,0,1,0,0,0
423,7,0,0,0,0,0,0,0,1,0
424,0,1,0,0,0,0,0,0,0,0
425,"0,1,7",1,1,0,0,0,0,0,1,0
426,"0,1,5,7",1,1,0,0,0,1,0,1,0
427,"0,1,4,5,7",1,1,0,0,1,1,0,1,0
428,0,1,0,0,0,0,0,0,0,0
429,"0,1,5,7",1,1,0,0,0,1,0,1,0
430,"1,7",0,1,0,0,0,0,0,1,0
431,1,0,1,0,0,0,0,0,0,0
432,1,0,1,0,0,0,0,0,0,0
433,"2,3",0,0,1,1,0,0,0,0,0
434,"1,7",0,1,0,0,0,0,0,1,0
435,"2,3",0,0,1,1,0,0,0,0,0
436,1,0,1,0,0,0,0,0,0,0
437,0,1,0,0,0,0,0,0,0,0
438,0,1,0,0,0,0,0,0,0,0
439,"1,5,7",0,1,0,0,0,1,0,1,0
440,0,1,0,0,0,0,0,0,0,0
441,0,1,0,0,0,0,0,0,0,0
442,"0,1,5,7",1,1,0,0,0,1,0,1,0
443,"1,5",0,1,0,0,0,1,0,0,0
444,"1,5",0,1,0,0,0,1,0,0,0
445,"1,5",0,1,0,0,0,1,0,0,0
446,"0,1,6,7,8",1,1,0,0,0,0,1,1,1
447,"1,0",1,1,0,0,0,0,0,0,0
448,1,0,1,0,0,0,0,0,0,0
449,1,0,1,0,0,0,0,0,0,0
450,1,0,1,0,0,0,0,0,0,0
451,1,0,1,0,0,0,0,0,0,0
452,"0,1,5",1,1,0,0,0,1,0,0,0
453,"0,4",1,0,0,0,1,0,0,0,0
454,"0,4",1,0,0,0,1,0,0,0,0
455,"0,1,4,5",1,1,0,0,1,1,0,0,0
456,"0,1,5,7",1,1,0,0,0,1,0,1,0
457,"1,5",0,1,0,0,0,1,0,0,0
458,"0,1,5",1,1,0,0,0,1,0,0,0
459,0,1,0,0,0,0,0,0,0,0
460,7,0,0,0,0,0,0,0,1,0
461,6,0,0,0,0,0,0,1,0,0
462,"1,5,6,7",0,1,0,0,0,1,1,1,0
463,0,1,0,0,0,0,0,0,0,0
464,0,1,0,0,0,0,0,0,0,0
465,0,1,0,0,0,0,0,0,0,0
466,4,0,0,0,0,1,0,0,0,0
467,1,0,1,0,0,0,0,0,0,0
468,0,1,0,0,0,0,0,0,0,0
469,"1,5",0,1,0,0,0,1,0,0,0
470,"0,1,5,7",1,1,0,0,0,1,0,1,0
471,"0,1,2,5,6,7,8",1,1,1,0,0,1,1,1,1
472,"0,1,5,7",1,1,0,0,0,1,0,1,0
473,7,0,0,0,0,0,0,0,1,0
474,0,1,0,0,0,0,0,0,0,0
475,"1,5",0,1,0,0,0,1,0,0,0
476,"0,1,5,6,7",1,1,0,0,0,1,1,1,0
477,0,1,0,0,0,0,0,0,0,0
478,"0,1,7",1,1,0,0,0,0,0,1,0
479,1,0,1,0,0,0,0,0,0,0
480,1,0,1,0,0,0,0,0,0,0
481,"0,4",1,0,0,0,1,0,0,0,0
482,"0,1,2,4,5",1,1,1,0,1,1,0,0,0
483,0,1,0,0,0,0,0,0,0,0
484,"0,1,5,7",1,1,0,0,0,1,0,1,0
485,0,1,0,0,0,0,0,0,0,0
486,"0,1,5,7",1,1,0,0,0,1,0,1,0
487,1,0,1,0,0,0,0,0,0,0
488,"1,4",0,1,0,0,1,0,0,0,0
489,0,1,0,0,0,0,0,0,0,0
490,0,1,0,0,0,0,0,0,0,0
491,0,1,0,0,0,0,0,0,0,0
492,0,1,0,0,0,0,0,0,0,0
493,0,1,0,0,0,0,0,0,0,0
494,0,1,0,0,0,0,0,0,0,0
495,1,0,1,0,0,0,0,0,0,0
496,0,1,0,0,0,0,0,0,0,0
497,5,0,0,0,0,0,1,0,0,0
498,"1,7",0,1,0,0,0,0,0,1,0
499,6,0,0,0,0,0,0,1,0,0
500,0,1,0,0,0,0,0,0,0,0
501,0,1,0,0,0,0,0,0,0,0
502,"0,1,5,7",1,1,0,0,0,1,0,1,0
503,1,0,1,0,0,0,0,0,0,0
504,1,0,1,0,0,0,0,0,0,0
505,1,0,1,0,0,0,0,0,0,0
506,"0,1,5",1,1,0,0,0,1,0,0,0
507,"1,5",0,1,0,0,0,1,0,0,0
508,"1,2",0,1,1,0,0,0,0,0,0
509,1,0,1,0,0,0,0,0,0,0
510,"1,5",0,1,0,0,0,1,0,0,0
511,0,1,0,0,0,0,0,0,0,0
512,6,0,0,0,0,0,0,1,0,0
513,0,1,0,0,0,0,0,0,0,0
514,0,1,0,0,0,0,0,0,0,0
515,0,1,0,0,0,0,0,0,0,0
516,0,1,0,0,0,0,0,0,0,0
517,0,1,0,0,0,0,0,0,0,0
518,2,0,0,1,0,0,0,0,0,0
519,"1,5",0,1,0,0,0,1,0,0,0
520,1,0,1,0,0,0,0,0,0,0
521,0,1,0,0,0,0,0,0,0,0
522,0,1,0,0,0,0,0,0,0,0
523,0,1,0,0,0,0,0,0,0,0
524,"0,1,5,7",1,1,0,0,0,1,0,1,0
525,7,0,0,0,0,0,0,0,1,0
526,"0,1,7",1,1,0,0,0,0,0,1,0
527,1,0,1,0,0,0,0,0,0,0
528,1,0,1,0,0,0,0,0,0,0
529,0,1,0,0,0,0,0,0,0,0
530,0,1,0,0,0,0,0,0,0,0
531,"0,1,2,3,4,5,6,7,8",1,1,1,1,1,1,1,1,1
532,0,1,0,0,0,0,0,0,0,0
533,0,1,0,0,0,0,0,0,0,0
534,0,1,0,0,0,0,0,0,0,0
535,0,1,0,0,0,0,0,0,0,0
536,"1,2,5,6,7,8",0,1,1,0,0,1,1,1,1
537,"1,5",0,1,0,0,0,1,0,0,0
538,"2,5",0,0,1,0,0,1,0,0,0
539,"1,6",0,1,0,0,0,0,1,0,0
540,"1,0",1,1,0,0,0,0,0,0,0
541,"0,1,4,5",1,1,0,0,1,1,0,0,0
542,0,1,0,0,0,0,0,0,0,0
543,"0,4",1,0,0,0,1,0,0,0,0
544,"0,1,6",1,1,0,0,0,0,1,0,0
545,"1,5",0,1,0,0,0,1,0,0,0
546,"0,1,5",1,1,0,0,0,1,0,0,0
547,"1,5",0,1,0,0,0,1,0,0,0
548,"6,7",0,0,0,0,0,0,1,1,0
549,"1,5,7",0,1,0,0,0,1,0,1,0
550,0,1,0,0,0,0,0,0,0,0
551,"0,1,5,7",1,1,0,0,0,1,0,1,0
552,5,0,0,0,0,0,1,0,0,0
553,0,1,0,0,0,0,0,0,0,0
554,0,1,0,0,0,0,0,0,0,0
555,5,0,0,0,0,0,1,0,0,0
556,2,0,0,1,0,0,0,0,0,0
557,"0,1,5",1,1,0,0,0,1,0,0,0
558,"0,1,5",1,1,0,0,0,1,0,0,0
559,1,0,1,0,0,0,0,0,0,0
560,"0,1,5",1,1,0,0,0,1,0,0,0
561,"1,5,7",0,1,0,0,0,1,0,1,0
562,5,0,0,0,0,0,1,0,0,0
563,"0,1,2,5",1,1,1,0,0,1,0,0,0
564,0,1,0,0,0,0,0,0,0,0
565,6,0,0,0,0,0,0,1,0,0
566,1,0,1,0,0,0,0,0,0,0
567,"1,5,6",0,1,0,0,0,1,1,0,0
568,"0,6",1,0,0,0,0,0,1,0,0
569,"2,5",0,0,1,0,0,1,0,0,0
570,2,0,0,1,0,0,0,0,0,0
571,"0,1,2,5,7",1,1,1,0,0,1,0,1,0
572,0,1,0,0,0,0,0,0,0,0
573,0,1,0,0,0,0,0,0,0,0
574,"0,1,5,7",1,1,0,0,0,1,0,1,0
575,0,1,0,0,0,0,0,0,0,0
576,"1,5,7",0,1,0,0,0,1,0,1,0
577,"0,1,5,7",1,1,0,0,0,1,0,1,0
578,"1,5",0,1,0,0,0,1,0,0,0
579,"1,5",0,1,0,0,0,1,0,0,0
580,0,1,0,0,0,0,0,0,0,0
581,"1,5",0,1,0,0,0,1,0,0,0
582,"0,1,5,7",1,1,0,0,0,1,0,1,0
583,"2,3",0,0,1,1,0,0,0,0,0
584,0,1,0,0,0,0,0,0,0,0
585,5,0,0,0,0,0,1,0,0,0
586,"1,5",0,1,0,0,0,1,0,0,0
587,"1,5",0,1,0,0,0,1,0,0,0
588,"0,1,2,3,4,5,7",1,1,1,1,1,1,0,1,0
589,0,1,0,0,0,0,0,0,0,0
590,0,1,0,0,0,0,0,0,0,0
591,0,1,0,0,0,0,0,0,0,0
592,0,1,0,0,0,0,0,0,0,0
593,0,1,0,0,0,0,0,0,0,0
594,0,1,0,0,0,0,0,0,0,0
595,0,1,0,0,0,0,0,0,0,0
596,0,1,0,0,0,0,0,0,0,0
597,1,0,1,0,0,0,0,0,0,0
598,"1,2,3",0,1,1,1,0,0,0,0,0
599,"1,2,3,5",0,1,1,1,0,1,0,0,0
600,"1,2,3",0,1,1,1,0,0,0,0,0
601,1,0,1,0,0,0,0,0,0,0
602,"0,1,5,7",1,1,0,0,0,1,0,1,0
603,"0,1,2,5,6,7,8",1,1,1,0,0,1,1,1,1
604,1,0,1,0,0,0,0,0,0,0
605,2,0,0,1,0,0,0,0,0,0
606,"2,3,5",0,0,1,1,0,1,0,0,0
607,7,0,0,0,0,0,0,0,1,0
608,"1,7",0,1,0,0,0,0,0,1,0
609,"1,5,7",0,1,0,0,0,1,0,1,0
610,"1,5,6",0,1,0,0,0,1,1,0,0
611,"1,5",0,1,0,0,0,1,0,0,0
612,"1,6",0,1,0,0,0,0,1,0,0
613,0,1,0,0,0,0,0,0,0,0
614,0,1,0,0,0,0,0,0,0,0
615,1,0,1,0,0,0,0,0,0,0
616,"1,7",0,1,0,0,0,0,0,1,0
617,0,1,0,0,0,0,0,0,0,0
618,"0,5",1,0,0,0,0,1,0,0,0
619,0,1,0,0,0,0,0,0,0,0
620,"1,8",0,1,0,0,0,0,0,0,1
621,"1,5",0,1,0,0,0,1,0,0,0
622,0,1,0,0,0,0,0,0,0,0
623,"1,3",0,1,0,1,0,0,0,0,0
624,"1,5",0,1,0,0,0,1,0,0,0
625,"1,3,5",0,1,0,1,0,1,0,0,0
626,0,1,0,0,0,0,0,0,0,0
627,0,1,0,0,0,0,0,0,0,0
628,0,1,0,0,0,0,0,0,0,0
629,"0,1,4,5",1,1,0,0,1,1,0,0,0
630,"0,1,6",1,1,0,0,0,0,1,0,0
631,0,1,0,0,0,0,0,0,0,0
632,0,1,0,0,0,0,0,0,0,0
633,"0,1,2,5,6,7,8",1,1,1,0,0,1,1,1,1
634,"2,5",0,0,1,0,0,1,0,0,0
635,"0,1,7",1,1,0,0,0,0,0,1,0
636,"0,1,5,7",1,1,0,0,0,1,0,1,0
637,0,1,0,0,0,0,0,0,0,0
638,0,1,0,0,0,0,0,0,0,0
639,0,1,0,0,0,0,0,0,0,0
640,0,1,0,0,0,0,0,0,0,0
641,"0,1,2,5,6,7,8",1,1,1,0,0,1,1,1,1
642,2,0,0,1,0,0,0,0,0,0
643,0,1,0,0,0,0,0,0,0,0
644,5,0,0,0,0,0,1,0,0,0
645,"0,1,7",1,1,0,0,0,0,0,1,0
646,"1,7",0,1,0,0,0,0,0,1,0
647,1,0,1,0,0,0,0,0,0,0
648,0,1,0,0,0,0,0,0,0,0
649,1,0,1,0,0,0,0,0,0,0
650,0,1,0,0,0,0,0,0,0,0
651,0,1,0,0,0,0,0,0,0,0
652,"1,2,4,5",0,1,1,0,1,1,0,0,0
653,"1,2",0,1,1,0,0,0,0,0,0
654,"1,5",0,1,0,0,0,1,0,0,0
655,"1,2",0,1,1,0,0,0,0,0,0
656,"1,2",0,1,1,0,0,0,0,0,0
657,"1,4",0,1,0,0,1,0,0,0,0
658,"1,5",0,1,0,0,0,1,0,0,0
659,"1,7",0,1,0,0,0,0,0,1,0
660,"0,1,5,7",1,1,0,0,0,1,0,1,0
661,0,1,0,0,0,0,0,0,0,0
662,1,0,1,0,0,0,0,0,0,0
663,"1,7",0,1,0,0,0,0,0,1,0
664,"1,5",0,1,0,0,0,1,0,0,0
665,0,1,0,0,0,0,0,0,0,0
666,0,1,0,0,0,0,0,0,0,0
667,"0,1,6",1,1,0,0,0,0,1,0,0
668,0,1,0,0,0,0,0,0,0,0
669,0,1,0,0,0,0,0,0,0,0
670,"1,5,7",0,1,0,0,0,1,0,1,0
671,0,1,0,0,0,0,0,0,0,0
672,0,1,0,0,0,0,0,0,0,0
673,"2,3,5",0,0,1,1,0,1,0,0,0
674,"2,3",0,0,1,1,0,0,0,0,0
675,"2,3",0,0,1,1,0,0,0,0,0
676,1,0,1,0,0,0,0,0,0,0
677,1,0,1,0,0,0,0,0,0,0
678,6,0,0,0,0,0,0,1,0,0
679,"0,1,2,5,6,7,8",1,1,1,0,0,1,1,1,1
680,5,0,0,0,0,0,1,0,0,0
681,"0,1,5",1,1,0,0,0,1,0,0,0
682,"0,1,2,3,5",1,1,1,1,0,1,0,0,0
683,"0,5",1,0,0,0,0,1,0,0,0
684,"0,1,2,5",1,1,1,0,0,1,0,0,0
685,"0,1,5",1,1,0,0,0,1,0,0,0
686,7,0,0,0,0,0,0,0,1,0
687,"0,1,5,7",1,1,0,0,0,1,0,1,0
688,0,1,0,0,0,0,0,0,0,0
689,0,1,0,0,0,0,0,0,0,0
690,"0,1,4,5",1,1,0,0,1,1,0,0,0
691,0,1,0,0,0,0,0,0,0,0
692,0,1,0,0,0,0,0,0,0,0
693,0,1,0,0,0,0,0,0,0,0
694,0,1,0,0,0,0,0,0,0,0
695,1,0,1,0,0,0,0,0,0,0
696,1,0,1,0,0,0,0,0,0,0
697,"1,6",0,1,0,0,0,0,1,0,0
698,3,0,0,0,1,0,0,0,0,0
699,1,0,1,0,0,0,0,0,0,0
700,0,1,0,0,0,0,0,0,0,0
701,0,1,0,0,0,0,0,0,0,0
702,5,0,0,0,0,0,1,0,0,0
703,1,0,1,0,0,0,0,0,0,0
704,"1,5",0,1,0,0,0,1,0,0,0
705,0,1,0,0,0,0,0,0,0,0
706,"0,1,2,3,5,6,7,8",1,1,1,1,0,1,1,1,1
707,1,0,1,0,0,0,0,0,0,0
708,"0,1,5,7",1,1,0,0,0,1,0,1,0
709,6,0,0,0,0,0,0,1,0,0
710,"1,5",0,1,0,0,0,1,0,0,0
711,"0,1,5",1,1,0,0,0,1,0,0,0
712,1,0,1,0,0,0,0,0,0,0
713,0,1,0,0,0,0,0,0,0,0
714,0,1,0,0,0,0,0,0,0,0
715,0,1,0,0,0,0,0,0,0,0
716,"0,1,5",1,1,0,0,0,1,0,0,0
717,"0,1,5,7",1,1,0,0,0,1,0,1,0
718,"1,5",0,1,0,0,0,1,0,0,0
719,"0,1,5,7",1,1,0,0,0,1,0,1,0
720,"1,5,7",0,1,0,0,0,1,0,1,0
721,"0,1,2,4,5",1,1,1,0,1,1,0,0,0
722,"1,2,4,5",0,1,1,0,1,1,0,0,0
723,"0,1,5,7",1,1,0,0,0,1,0,1,0
724,1,0,1,0,0,0,0,0,0,0
725,"1,3,4,5,6",0,1,0,1,1,1,1,0,0
726,7,0,0,0,0,0,0,0,1,0
727,"1,5,6",0,1,0,0,0,1,1,0,0
728,0,1,0,0,0,0,0,0,0,0
729,"1,5",0,1,0,0,0,1,0,0,0
730,"1,5",0,1,0,0,0,1,0,0,0
731,"0,1,5,7",1,1,0,0,0,1,0,1,0
732,"1,5",0,1,0,0,0,1,0,0,0
733,"1,5",0,1,0,0,0,1,0,0,0
734,"0,2,5",1,0,1,0,0,1,0,0,0
735,"1,5",0,1,0,0,0,1,0,0,0
736,0,1,0,0,0,0,0,0,0,0
737,0,1,0,0,0,0,0,0,0,0
738,"2,5",0,0,1,0,0,1,0,0,0
739,"1,2,5",0,1,1,0,0,1,0,0,0
740,"0,1,2,5",1,1,1,0,0,1,0,0,0
741,"0,1,5,6,7,8",1,1,0,0,0,1,1,1,1
742,"1,2,5",0,1,1,0,0,1,0,0,0
743,"0,4",1,0,0,0,1,0,0,0,0
744,"0,4",1,0,0,0,1,0,0,0,0
745,"1,5",0,1,0,0,0,1,0,0,0
746,"0,1,5",1,1,0,0,0,1,0,0,0
747,"0,1,5",1,1,0,0,0,1,0,0,0
748,0,1,0,0,0,0,0,0,0,0
749,"0,1,5,7",1,1,0,0,0,1,0,1,0
750,"1,4",0,1,0,0,1,0,0,0,0
751,"1,2,5",0,1,1,0,0,1,0,0,0
752,0,1,0,0,0,0,0,0,0,0
753,0,1,0,0,0,0,0,0,0,0
754,0,1,0,0,0,0,0,0,0,0
755,0,1,0,0,0,0,0,0,0,0
756,"0,1,7",1,1,0,0,0,0,0,1,0
757,"0,1,5,7",1,1,0,0,0,1,0,1,0
758,"1,5",0,1,0,0,0,1,0,0,0
759,"1,5",0,1,0,0,0,1,0,0,0
760,0,1,0,0,0,0,0,0,0,0
761,"0,1,5,7",1,1,0,0,0,1,0,1,0
762,"2,5",0,0,1,0,0,1,0,0,0
763,"0,1,2,3,5,6,7,8",1,1,1,1,0,1,1,1,1
764,0,1,0,0,0,0,0,0,0,0
765,"1,7",0,1,0,0,0,0,0,1,0
766,0,1,0,0,0,0,0,0,0,0
767,0,1,0,0,0,0,0,0,0,0
768,0,1,0,0,0,0,0,0,0,0
769,"0,1,5,6,7",1,1,0,0,0,1,1,1,0
770,0,1,0,0,0,0,0,0,0,0
771,1,0,1,0,0,0,0,0,0,0
772,"0,1,5",1,1,0,0,0,1,0,0,0
773,0,1,0,0,0,0,0,0,0,0
774,0,1,0,0,0,0,0,0,0,0
775,0,1,0,0,0,0,0,0,0,0
776,1,0,1,0,0,0,0,0,0,0
777,0,1,0,0,0,0,0,0,0,0
778,"1,5",0,1,0,0,0,1,0,0,0
779,"0,1,5,7",1,1,0,0,0,1,0,1,0
780,7,0,0,0,0,0,0,0,1,0
781,"0,1,5,7",1,1,0,0,0,1,0,1,0
782,"0,1,5",1,1,0,0,0,1,0,0,0
783,"1,5",0,1,0,0,0,1,0,0,0
784,"1,2",0,1,1,0,0,0,0,0,0
785,1,0,1,0,0,0,0,0,0,0
786,"1,5",0,1,0,0,0,1,0,0,0
787,0,1,0,0,0,0,0,0,0,0
788,"1,5",0,1,0,0,0,1,0,0,0
789,0,1,0,0,0,0,0,0,0,0
790,0,1,0,0,0,0,0,0,0,0
791,0,1,0,0,0,0,0,0,0,0
792,1,0,1,0,0,0,0,0,0,0
793,5,0,0,0,0,0,1,0,0,0
794,"1,0",1,1,0,0,0,0,0,0,0
795,1,0,1,0,0,0,0,0,0,0
796,5,0,0,0,0,0,1,0,0,0
797,"1,2,5",0,1,1,0,0,1,0,0,0
798,5,0,0,0,0,0,1,0,0,0
799,"0,1,5,7",1,1,0,0,0,1,0,1,0
800,"0,1,5,7",1,1,0,0,0,1,0,1,0
801,"0,1,5,7",1,1,0,0,0,1,0,1,0
802,0,1,0,0,0,0,0,0,0,0
803,0,1,0,0,0,0,0,0,0,0
804,"0,1,5,7",1,1,0,0,0,1,0,1,0
805,"0,1,2,5,7",1,1,1,0,0,1,0,1,0
806,0,1,0,0,0,0,0,0,0,0
807,7,0,0,0,0,0,0,0,1,0
808,7,0,0,0,0,0,0,0,1,0
809,"0,1,5,7",1,1,0,0,0,1,0,1,0
810,"1,4",0,1,0,0,1,0,0,0,0
811,"0,4",1,0,0,0,1,0,0,0,0
812,"4,1",0,1,0,0,1,0,0,0,0
813,"1,5",0,1,0,0,0,1,0,0,0
814,"2,5",0,0,1,0,0,1,0,0,0
815,"1,5",0,1,0,0,0,1,0,0,0
816,0,1,0,0,0,0,0,0,0,0
817,"1,5",0,1,0,0,0,1,0,0,0
818,"0,1,2,5,6,7,8",1,1,1,0,0,1,1,1,1
819,7,0,0,0,0,0,0,0,1,0
820,"0,6,7",1,0,0,0,0,0,1,1,0
821,"0,7",1,0,0,0,0,0,0,1,0
822,"1,7",0,1,0,0,0,0,0,1,0
823,7,0,0,0,0,0,0,0,1,0
824,0,1,0,0,0,0,0,0,0,0
825,1,0,1,0,0,0,0,0,0,0
826,1,0,1,0,0,0,0,0,0,0
827,0,1,0,0,0,0,0,0,0,0
828,"1,7",0,1,0,0,0,0,0,1,0
829,1,0,1,0,0,0,0,0,0,0
830,"1,2,3",0,1,1,1,0,0,0,0,0
831,"1,2",0,1,1,0,0,0,0,0,0
832,0,1,0,0,0,0,0,0,0,0
833,0,1,0,0,0,0,0,0,0,0
834,"0,1,5,6,7,8",1,1,0,0,0,1,1,1,1
835,"0,1,6,8",1,1,0,0,0,0,1,0,1
836,"0,6",1,0,0,0,0,0,1,0,0
837,"1,5",0,1,0,0,0,1,0,0,0
838,"1,5",0,1,0,0,0,1,0,0,0
839,"0,1,2,5,7",1,1,1,0,0,1,0,1,0
840,"1,5",0,1,0,0,0,1,0,0,0
841,"0,1,5",1,1,0,0,0,1,0,0,0
842,6,0,0,0,0,0,0,1,0,0
843,6,0,0,0,0,0,0,1,0,0
844,6,0,0,0,0,0,0,1,0,0
845,1,0,1,0,0,0,0,0,0,0
846,0,1,0,0,0,0,0,0,0,0
847,0,1,0,0,0,0,0,0,0,0
848,0,1,0,0,0,0,0,0,0,0
849,0,1,0,0,0,0,0,0,0,0
850,0,1,0,0,0,0,0,0,0,0
851,0,1,0,0,0,0,0,0,0,0
852,"1,4",0,1,0,0,1,0,0,0,0
853,"1,4",0,1,0,0,1,0,0,0,0
854,4,0,0,0,0,1,0,0,0,0
855,"1,4",0,1,0,0,1,0,0,0,0
856,"1,4",0,1,0,0,1,0,0,0,0
857,"0,3,5",1,0,0,1,0,1,0,0,0
858,0,1,0,0,0,0,0,0,0,0
859,"0,5,7,8",1,0,0,0,0,1,0,1,1
860,0,1,0,0,0,0,0,0,0,0
861,"0,6,7,8",1,0,0,0,0,0,1,1,1
862,0,1,0,0,0,0,0,0,0,0
863,0,1,0,0,0,0,0,0,0,0
864,"0,1,5,7",1,1,0,0,0,1,0,1,0
865,"1,5",0,1,0,0,0,1,0,0,0
866,7,0,0,0,0,0,0,0,1,0
867,0,1,0,0,0,0,0,0,0,0
868,"0,7",1,0,0,0,0,0,0,1,0
869,1,0,1,0,0,0,0,0,0,0
870,1,0,1,0,0,0,0,0,0,0
871,1,0,1,0,0,0,0,0,0,0
872,0,1,0,0,0,0,0,0,0,0
873,0,1,0,0,0,0,0,0,0,0
874,1,0,1,0,0,0,0,0,0,0
875,"1,5",0,1,0,0,0,1,0,0,0
876,"1,5",0,1,0,0,0,1,0,0,0
877,0,1,0,0,0,0,0,0,0,0
878,0,1,0,0,0,0,0,0,0,0
879,0,1,0,0,0,0,0,0,0,0
880,5,0,0,0,0,0,1,0,0,0
881,"1,5",0,1,0,0,0,1,0,0,0
882,5,0,0,0,0,0,1,0,0,0
883,5,0,0,0,0,0,1,0,0,0
884,"1,5",0,1,0,0,0,1,0,0,0
885,"1,2,5",0,1,1,0,0,1,0,0,0
886,"1,2,5",0,1,1,0,0,1,0,0,0
887,0,1,0,0,0,0,0,0,0,0
888,"1,5,6",0,1,0,0,0,1,1,0,0
889,7,0,0,0,0,0,0,0,1,0
890,0,1,0,0,0,0,0,0,0,0
891,1,0,1,0,0,0,0,0,0,0
892,0,1,0,0,0,0,0,0,0,0
893,0,1,0,0,0,0,0,0,0,0
894,7,0,0,0,0,0,0,0,1,0
895,7,0,0,0,0,0,0,0,1,0
896,"0,4",1,0,0,0,1,0,0,0,0
897,0,1,0,0,0,0,0,0,0,0
898,0,1,0,0,0,0,0,0,0,0
899,"0,1,5,7",1,1,0,0,0,1,0,1,0
900,0,1,0,0,0,0,0,0,0,0
901,0,1,0,0,0,0,0,0,0,0
902,1,0,1,0,0,0,0,0,0,0
903,1,0,1,0,0,0,0,0,0,0
904,3,0,0,0,1,0,0,0,0,0
905,"0,1,5,7",1,1,0,0,0,1,0,1,0
906,0,1,0,0,0,0,0,0,0,0
907,0,1,0,0,0,0,0,0,0,0
908,"1,5",0,1,0,0,0,1,0,0,0
909,"1,7",0,1,0,0,0,0,0,1,0
910,"1,5",0,1,0,0,0,1,0,0,0
911,"0,1,5,7",1,1,0,0,0,1,0,1,0
912,"2,5",0,0,1,0,0,1,0,0,0
913,"1,5,7",0,1,0,0,0,1,0,1,0
914,"0,1,5",1,1,0,0,0,1,0,0,0
915,4,0,0,0,0,1,0,0,0,0
916,"1,4",0,1,0,0,1,0,0,0,0
917,"1,6",0,1,0,0,0,0,1,0,0
918,1,0,1,0,0,0,0,0,0,0
919,0,1,0,0,0,0,0,0,0,0
920,1,0,1,0,0,0,0,0,0,0
921,1,0,1,0,0,0,0,0,0,0
922,1,0,1,0,0,0,0,0,0,0
923,"1,5",0,1,0,0,0,1,0,0,0
924,1,0,1,0,0,0,0,0,0,0
925,0,1,0,0,0,0,0,0,0,0
926,"2,3,5",0,0,1,1,0,1,0,0,0
927,"0,1,2,5,6,7,8",1,1,1,0,0,1,1,1,1
928,0,1,0,0,0,0,0,0,0,0
929,1,0,1,0,0,0,0,0,0,0
930,"1,4",0,1,0,0,1,0,0,0,0
931,"1,2,3",0,1,1,1,0,0,0,0,0
932,"1,4",0,1,0,0,1,0,0,0,0
933,5,0,0,0,0,0,1,0,0,0
934,"5,7",0,0,0,0,0,1,0,1,0
935,5,0,0,0,0,0,1,0,0,0
936,0,1,0,0,0,0,0,0,0,0
937,0,1,0,0,0,0,0,0,0,0
938,2,0,0,1,0,0,0,0,0,0
939,0,1,0,0,0,0,0,0,0,0
940,0,1,0,0,0,0,0,0,0,0
941,1,0,1,0,0,0,0,0,0,0
942,1,0,1,0,0,0,0,0,0,0
943,5,0,0,0,0,0,1,0,0,0
944,"0,1,5,7",1,1,0,0,0,1,0,1,0
945,7,0,0,0,0,0,0,0,1,0
946,"6,7",0,0,0,0,0,0,1,1,0
947,"2,5",0,0,1,0,0,1,0,0,0
948,"0,1,2,5,6,7",1,1,1,0,0,1,1,1,0
949,6,0,0,0,0,0,0,1,0,0
950,0,1,0,0,0,0,0,0,0,0
951,0,1,0,0,0,0,0,0,0,0
952,0,1,0,0,0,0,0,0,0,0
953,0,1,0,0,0,0,0,0,0,0
954,"0,1,2,4,5,6,7,8",1,1,1,0,1,1,1,1,1
955,0,1,0,0,0,0,0,0,0,0
956,"0,1,5,7",1,1,0,0,0,1,0,1,0
957,"1,5",0,1,0,0,0,1,0,0,0
958,"4,5",0,0,0,0,1,1,0,0,0
959,"1,5",0,1,0,0,0,1,0,0,0
960,"0,1,5,7",1,1,0,0,0,1,0,1,0
961,0,1,0,0,0,0,0,0,0,0
962,"0,1,5,7",1,1,0,0,0,1,0,1,0
963,1,0,1,0,0,0,0,0,0,0
964,1,0,1,0,0,0,0,0,0,0
965,1,0,1,0,0,0,0,0,0,0
966,1,0,1,0,0,0,0,0,0,0
967,1,0,1,0,0,0,0,0,0,0
968,1,0,1,0,0,0,0,0,0,0
969,0,1,0,0,0,0,0,0,0,0
970,1,0,1,0,0,0,0,0,0,0
971,"2,3,5",0,0,1,1,0,1,0,0,0
972,"0,1,2,5,6,7,8",1,1,1,0,0,1,1,1,1
973,"0,1,5,7",1,1,0,0,0,1,0,1,0
974,"0,1,2,3,4,5,7,8",1,1,1,1,1,1,0,1,1
975,"1,4",0,1,0,0,1,0,0,0,0
976,"1,5",0,1,0,0,0,1,0,0,0
977,4,0,0,0,0,1,0,0,0,0
978,0,1,0,0,0,0,0,0,0,0
979,1,0,1,0,0,0,0,0,0,0
980,"1,0",1,1,0,0,0,0,0,0,0
981,1,0,1,0,0,0,0,0,0,0
982,"1,6",0,1,0,0,0,0,1,0,0
983,"0,1,6",1,1,0,0,0,0,1,0,0
984,"0,6",1,0,0,0,0,0,1,0,0
985,1,0,1,0,0,0,0,0,0,0
986,1,0,1,0,0,0,0,0,0,0
987,"2,3",0,0,1,1,0,0,0,0,0
988,"2,3",0,0,1,1,0,0,0,0,0
989,"1,2",0,1,1,0,0,0,0,0,0
990,"2,3",0,0,1,1,0,0,0,0,0
991,1,0,1,0,0,0,0,0,0,0
992,1,0,1,0,0,0,0,0,0,0
993,0,1,0,0,0,0,0,0,0,0
994,0,1,0,0,0,0,0,0,0,0
995,0,1,0,0,0,0,0,0,0,0
996,1,0,1,0,0,0,0,0,0,0
997,1,0,1,0,0,0,0,0,0,0
998,"1,2,3,4,5",0,1,1,1,1,1,0,0,0
999,0,1,0,0,0,0,0,0,0,0
1000,0,1,0,0,0,0,0,0,0,0
1001,"1,7",0,1,0,0,0,0,0,1,0
1002,"0,1,5,7",1,1,0,0,0,1,0,1,0
1003,"1,7",0,1,0,0,0,0,0,1,0
1004,"1,4,5,7",0,1,0,0,1,1,0,1,0
1005,"2,5",0,0,1,0,0,1,0,0,0
1006,"0,1,6",1,1,0,0,0,0,1,0,0
1007,"0,1,2,3,4,5,7,8",1,1,1,1,1,1,0,1,1
1008,"1,5",0,1,0,0,0,1,0,0,0
1009,0,1,0,0,0,0,0,0,0,0
1010,"1,5",0,1,0,0,0,1,0,0,0
1011,0,1,0,0,0,0,0,0,0,0
1012,"1,7",0,1,0,0,0,0,0,1,0
1013,7,0,0,0,0,0,0,0,1,0
1014,"1,5",0,1,0,0,0,1,0,0,0
1015,0,1,0,0,0,0,0,0,0,0
1016,"1,7",0,1,0,0,0,0,0,1,0
1017,"1,5,7",0,1,0,0,0,1,0,1,0
1018,5,0,0,0,0,0,1,0,0,0
1019,"1,5,6,7,8",0,1,0,0,0,1,1,1,1
1020,"1,5,6,7",0,1,0,0,0,1,1,1,0
1021,0,1,0,0,0,0,0,0,0,0
1022,1,0,1,0,0,0,0,0,0,0
1023,"1,7",0,1,0,0,0,0,0,1,0
1024,"1,6",0,1,0,0,0,0,1,0,0
1025,"1,5",0,1,0,0,0,1,0,0,0
1026,"0,1,2,3,4,5,6,7,8",1,1,1,1,1,1,1,1,1
1027,"1,6",0,1,0,0,0,0,1,0,0
1028,"0,1,5",1,1,0,0,0,1,0,0,0
1029,"0,1,2,3,4,5,6,7,8",1,1,1,1,1,1,1,1,1
1030,5,0,0,0,0,0,1,0,0,0
1031,"0,1,5,7",1,1,0,0,0,1,0,1,0
1032,"2,3",0,0,1,1,0,0,0,0,0
1033,"1,2",0,1,1,0,0,0,0,0,0
1034,"2,3,5",0,0,1,1,0,1,0,0,0
1035,"1,4",0,1,0,0,1,0,0,0,0
1036,"1,5",0,1,0,0,0,1,0,0,0
1037,"1,4",0,1,0,0,1,0,0,0,0
1038,0,1,0,0,0,0,0,0,0,0
1039,0,1,0,0,0,0,0,0,0,0
1040,1,0,1,0,0,0,0,0,0,0
1041,1,0,1,0,0,0,0,0,0,0
1042,"1,5",0,1,0,0,0,1,0,0,0
1043,1,0,1,0,0,0,0,0,0,0
1044,"0,1,5",1,1,0,0,0,1,0,0,0
1045,"0,4",1,0,0,0,1,0,0,0,0
1046,0,1,0,0,0,0,0,0,0,0
1047,0,1,0,0,0,0,0,0,0,0
1048,0,1,0,0,0,0,0,0,0,0
1049,1,0,1,0,0,0,0,0,0,0
1050,1,0,1,0,0,0,0,0,0,0
1051,"1,0",1,1,0,0,0,0,0,0,0
1052,2,0,0,1,0,0,0,0,0,0
1053,"2,5",0,0,1,0,0,1,0,0,0
1054,"2,3,5",0,0,1,1,0,1,0,0,0
1055,"0,1,5,7",1,1,0,0,0,1,0,1,0
1056,3,0,0,0,1,0,0,0,0,0
1057,1,0,1,0,0,0,0,0,0,0
1058,"0,1,5,7",1,1,0,0,0,1,0,1,0
1059,"1,2,5",0,1,1,0,0,1,0,0,0
1060,0,1,0,0,0,0,0,0,0,0
1061,0,1,0,0,0,0,0,0,0,0
1062,0,1,0,0,0,0,0,0,0,0
1063,0,1,0,0,0,0,0,0,0,0
1064,"0,1,5,6,7",1,1,0,0,0,1,1,1,0
1065,0,1,0,0,0,0,0,0,0,0
1066,0,1,0,0,0,0,0,0,0,0
1067,"1,5,6",0,1,0,0,0,1,1,0,0
1068,"0,1,5",1,1,0,0,0,1,0,0,0
1069,"0,4",1,0,0,0,1,0,0,0,0
1070,0,1,0,0,0,0,0,0,0,0
1071,1,0,1,0,0,0,0,0,0,0
1072,"0,1,5,7",1,1,0,0,0,1,0,1,0
1073,"2,3",0,0,1,1,0,0,0,0,0
1074,0,1,0,0,0,0,0,0,0,0
1075,"0,1,5,7",1,1,0,0,0,1,0,1,0
1076,0,1,0,0,0,0,0,0,0,0
1077,"1,5,7",0,1,0,0,0,1,0,1,0
1078,"1,5",0,1,0,0,0,1,0,0,0
1079,"0,1,4,5",1,1,0,0,1,1,0,0,0
1080,"1,7",0,1,0,0,0,0,0,1,0
1081,"1,7",0,1,0,0,0,0,0,1,0
1082,"0,1,7,8",1,1,0,0,0,0,0,1,1
1083,"0,1,6,8",1,1,0,0,0,0,1,0,1
1084,"0,1,5,7",1,1,0,0,0,1,0,1,0
1085,7,0,0,0,0,0,0,0,1,0
1086,0,1,0,0,0,0,0,0,0,0
1087,7,0,0,0,0,0,0,0,1,0
1088,6,0,0,0,0,0,0,1,0,0
1089,0,1,0,0,0,0,0,0,0,0
1090,0,1,0,0,0,0,0,0,0,0
1091,"1,5",0,1,0,0,0,1,0,0,0
1092,0,1,0,0,0,0,0,0,0,0
1093,0,1,0,0,0,0,0,0,0,0
1094,0,1,0,0,0,0,0,0,0,0
1095,"1,4,5",0,1,0,0,1,1,0,0,0
1096,0,1,0,0,0,0,0,0,0,0
1097,1,0,1,0,0,0,0,0,0,0
1098,"1,6",0,1,0,0,0,0,1,0,0
1099,"0,1,5,7",1,1,0,0,0,1,0,1,0
1100,"1,5,7",0,1,0,0,0,1,0,1,0
1101,"1,5",0,1,0,0,0,1,0,0,0
1102,2,0,0,1,0,0,0,0,0,0
1103,0,1,0,0,0,0,0,0,0,0
1104,"2,3",0,0,1,1,0,0,0,0,0
1105,"2,3",0,0,1,1,0,0,0,0,0
1106,"0,1,5",1,1,0,0,0,1,0,0,0
1107,2,0,0,1,0,0,0,0,0,0
1108,2,0,0,1,0,0,0,0,0,0
1109,"1,2,5",0,1,1,0,0,1,0,0,0
1110,"0,1,5,7",1,1,0,0,0,1,0,1,0
1111,"0,1,5,7,8",1,1,0,0,0,1,0,1,1
1112,5,0,0,0,0,0,1,0,0,0
1113,"0,1,5,7",1,1,0,0,0,1,0,1,0
1114,0,1,0,0,0,0,0,0,0,0
1115,"1,2,5,7",0,1,1,0,0,1,0,1,0
1116,0,1,0,0,0,0,0,0,0,0
1117,3,0,0,0,1,0,0,0,0,0
1118,0,1,0,0,0,0,0,0,0,0
1119,0,1,0,0,0,0,0,0,0,0
1120,"1,5",0,1,0,0,0,1,0,0,0
1121,0,1,0,0,0,0,0,0,0,0
1122,"0,1,7",1,1,0,0,0,0,0,1,0
1123,"1,5,7",0,1,0,0,0,1,0,1,0
1124,0,1,0,0,0,0,0,0,0,0
1125,"0,1,5,7",1,1,0,0,0,1,0,1,0
1126,0,1,0,0,0,0,0,0,0,0
1127,0,1,0,0,0,0,0,0,0,0
1128,"0,1,0",1,1,0,0,0,0,0,0,0
1129,"0,1,5,7",1,1,0,0,0,1,0,1,0
1130,"0,1,2,5,6,7,8",1,1,1,0,0,1,1,1,1
1131,"1,5",0,1,0,0,0,1,0,0,0
1132,"1,2,5",0,1,1,0,0,1,0,0,0
1133,"1,5",0,1,0,0,0,1,0,0,0
1134,0,1,0,0,0,0,0,0,0,0
1135,"2,3",0,0,1,1,0,0,0,0,0
1136,"1,5",0,1,0,0,0,1,0,0,0
1137,4,0,0,0,0,1,0,0,0,0
1138,1,0,1,0,0,0,0,0,0,0
1139,"0,4",1,0,0,0,1,0,0,0,0
1140,0,1,0,0,0,0,0,0,0,0
1141,1,0,1,0,0,0,0,0,0,0
1142,"1,2,5",0,1,1,0,0,1,0,0,0
1143,"0,1,5,7",1,1,0,0,0,1,0,1,0
1144,"0,1,5,7",1,1,0,0,0,1,0,1,0
1145,0,1,0,0,0,0,0,0,0,0
1146,0,1,0,0,0,0,0,0,0,0
1147,"0,1,7",1,1,0,0,0,0,0,1,0
1148,"0,1,5,7",1,1,0,0,0,1,0,1,0
1149,1,0,1,0,0,0,0,0,0,0
1150,1,0,1,0,0,0,0,0,0,0
1151,"1,8",0,1,0,0,0,0,0,0,1
1152,0,1,0,0,0,0,0,0,0,0
1153,0,1,0,0,0,0,0,0,0,0
1154,4,0,0,0,0,1,0,0,0,0
1155,"1,5",0,1,0,0,0,1,0,0,0
1156,"1,5,7",0,1,0,0,0,1,0,1,0
1157,0,1,0,0,0,0,0,0,0,0
1158,7,0,0,0,0,0,0,0,1,0
1159,"1,5",0,1,0,0,0,1,0,0,0
1160,"1,2,5,7",0,1,1,0,0,1,0,1,0
1161,0,1,0,0,0,0,0,0,0,0
1162,"0,1,6",1,1,0,0,0,0,1,0,0
1163,"1,5,7",0,1,0,0,0,1,0,1,0
1164,"1,5",0,1,0,0,0,1,0,0,0
1165,5,0,0,0,0,0,1,0,0,0
1166,0,1,0,0,0,0,0,0,0,0
1167,"0,1,4,5",1,1,0,0,1,1,0,0,0
1168,0,1,0,0,0,0,0,0,0,0
1169,"0,1,2,5",1,1,1,0,0,1,0,0,0
1170,"2,5",0,0,1,0,0,1,0,0,0
1171,"0,5",1,0,0,0,0,1,0,0,0
1172,0,1,0,0,0,0,0,0,0,0
1173,0,1,0,0,0,0,0,0,0,0
1174,7,0,0,0,0,0,0,0,1,0
1175,"2,3,5",0,0,1,1,0,1,0,0,0
1176,"0,1,5",1,1,0,0,0,1,0,0,0
1177,"1,7",0,1,0,0,0,0,0,1,0
1178,1,0,1,0,0,0,0,0,0,0
1179,"0,1,5,6,7,8",1,1,0,0,0,1,1,1,1
1180,7,0,0,0,0,0,0,0,1,0
1181,0,1,0,0,0,0,0,0,0,0
1182,0,1,0,0,0,0,0,0,0,0
1183,0,1,0,0,0,0,0,0,0,0
1184,0,1,0,0,0,0,0,0,0,0
1185,0,1,0,0,0,0,0,0,0,0
1186,"2,5",0,0,1,0,0,1,0,0,0
1187,0,1,0,0,0,0,0,0,0,0
1188,"0,2",1,0,1,0,0,0,0,0,0
1189,"0,1,7",1,1,0,0,0,0,0,1,0
1190,7,0,0,0,0,0,0,0,1,0
1191,"0,1,5",1,1,0,0,0,1,0,0,0
1192,0,1,0,0,0,0,0,0,0,0
1193,"0,1,5",1,1,0,0,0,1,0,0,0
1194,"0,1,5",1,1,0,0,0,1,0,0,0
1195,"0,1,2,3,4,5",1,1,1,1,1,1,0,0,0
1196,1,0,1,0,0,0,0,0,0,0
1197,"0,1,5,7",1,1,0,0,0,1,0,1,0
1198,"0,5",1,0,0,0,0,1,0,0,0
1199,0,1,0,0,0,0,0,0,0,0
1200,0,1,0,0,0,0,0,0,0,0
1201,"2,5",0,0,1,0,0,1,0,0,0
1202,0,1,0,0,0,0,0,0,0,0
1203,0,1,0,0,0,0,0,0,0,0
1204,"0,1,4,5",1,1,0,0,1,1,0,0,0
1205,"0,1,2,3,4,5",1,1,1,1,1,1,0,0,0
1206,0,1,0,0,0,0,0,0,0,0
1207,1,0,1,0,0,0,0,0,0,0
1208,"0,1,5,7",1,1,0,0,0,1,0,1,0
1209,0,1,0,0,0,0,0,0,0,0
1210,"2,3,5",0,0,1,1,0,1,0,0,0
1211,0,1,0,0,0,0,0,0,0,0
1212,0,1,0,0,0,0,0,0,0,0
1213,7,0,0,0,0,0,0,0,1,0
1214,0,1,0,0,0,0,0,0,0,0
1215,0,1,0,0,0,0,0,0,0,0
1216,0,1,0,0,0,0,0,0,0,0
1217,0,1,0,0,0,0,0,0,0,0
1218,0,1,0,0,0,0,0,0,0,0
1219,0,1,0,0,0,0,0,0,0,0
1220,"0,1,5,7",1,1,0,0,0,1,0,1,0
1221,0,1,0,0,0,0,0,0,0,0
1222,"1,7",0,1,0,0,0,0,0,1,0
1223,0,1,0,0,0,0,0,0,0,0
1224,1,0,1,0,0,0,0,0,0,0
1225,"1,5",0,1,0,0,0,1,0,0,0
1226,"0,1,5,7",1,1,0,0,0,1,0,1,0
1227,"1,5",0,1,0,0,0,1,0,0,0
1228,1,0,1,0,0,0,0,0,0,0
1229,0,1,0,0,0,0,0,0,0,0
1230,0,1,0,0,0,0,0,0,0,0
1231,0,1,0,0,0,0,0,0,0,0
1232,0,1,0,0,0,0,0,0,0,0
1233,0,1,0,0,0,0,0,0,0,0
1234,"1,5,7",0,1,0,0,0,1,0,1,0
1235,1,0,1,0,0,0,0,0,0,0
1236,1,0,1,0,0,0,0,0,0,0
1237,"1,7",0,1,0,0,0,0,0,1,0
1238,"0,6",1,0,0,0,0,0,1,0,0
1239,6,0,0,0,0,0,0,1,0,0
1240,7,0,0,0,0,0,0,0,1,0
1241,0,1,0,0,0,0,0,0,0,0
1242,"1,5,7",0,1,0,0,0,1,0,1,0
1243,"0,1,2,5,7",1,1,1,0,0,1,0,1,0
1244,"5,7",0,0,0,0,0,1,0,1,0
1245,0,1,0,0,0,0,0,0,0,0
1246,"2,5",0,0,1,0,0,1,0,0,0
1247,"0,5",1,0,0,0,0,1,0,0,0
1248,"0,1,5",1,1,0,0,0,1,0,0,0
1249,"0,1,5,7",1,1,0,0,0,1,0,1,0
1250,"0,1,5",1,1,0,0,0,1,0,0,0
1251,"0,1,5,7",1,1,0,0,0,1,0,1,0
1252,"1,5",0,1,0,0,0,1,0,0,0
1253,"0,1,2,5,6,7,8",1,1,1,0,0,1,1,1,1
1254,6,0,0,0,0,0,0,1,0,0
1255,"1,5",0,1,0,0,0,1,0,0,0
1256,"0,5",1,0,0,0,0,1,0,0,0
1257,0,1,0,0,0,0,0,0,0,0
1258,0,1,0,0,0,0,0,0,0,0
1259,0,1,0,0,0,0,0,0,0,0
1260,0,1,0,0,0,0,0,0,0,0
1261,"0,4,5",1,0,0,0,1,1,0,0,0
1262,1,0,1,0,0,0,0,0,0,0
1263,7,0,0,0,0,0,0,0,1,0
1264,7,0,0,0,0,0,0,0,1,0
1265,"0,1,7",1,1,0,0,0,0,0,1,0
1266,"1,5",0,1,0,0,0,1,0,0,0
1267,7,0,0,0,0,0,0,0,1,0
1268,0,1,0,0,0,0,0,0,0,0
1269,7,0,0,0,0,0,0,0,1,0
1270,0,1,0,0,0,0,0,0,0,0
1271,0,1,0,0,0,0,0,0,0,0
1272,6,0,0,0,0,0,0,1,0,0
1273,0,1,0,0,0,0,0,0,0,0
1274,1,0,1,0,0,0,0,0,0,0
1275,1,0,1,0,0,0,0,0,0,0
1276,1,0,1,0,0,0,0,0,0,0
1277,1,0,1,0,0,0,0,0,0,0
1278,0,1,0,0,0,0,0,0,0,0
1279,1,0,1,0,0,0,0,0,0,0
1280,"1,6",0,1,0,0,0,0,1,0,0
1281,0,1,0,0,0,0,0,0,0,0
1282,1,0,1,0,0,0,0,0,0,0
1283,1,0,1,0,0,0,0,0,0,0
1284,"1,4",0,1,0,0,1,0,0,0,0
1285,0,1,0,0,0,0,0,0,0,0
1286,"0,4",1,0,0,0,1,0,0,0,0
1287,"0,1,2,3,4,5,6,7,8",1,1,1,1,1,1,1,1,1
1288,0,1,0,0,0,0,0,0,0,0
1289,0,1,0,0,0,0,0,0,0,0
1290,0,1,0,0,0,0,0,0,0,0
1291,"0,1,2",1,1,1,0,0,0,0,0,0
1292,"1,5",0,1,0,0,0,1,0,0,0
1293,"0,1,5,7",1,1,0,0,0,1,0,1,0
1294,"0,1,5,7",1,1,0,0,0,1,0,1,0
1295,0,1,0,0,0,0,0,0,0,0
1296,1,0,1,0,0,0,0,0,0,0
1297,"0,1,5,6,7",1,1,0,0,0,1,1,1,0
1298,1,0,1,0,0,0,0,0,0,0
1299,"1,7",0,1,0,0,0,0,0,1,0
1300,0,1,0,0,0,0,0,0,0,0
1301,1,0,1,0,0,0,0,0,0,0
1302,"1,5",0,1,0,0,0,1,0,0,0
1303,0,1,0,0,0,0,0,0,0,0
1304,1,0,1,0,0,0,0,0,0,0
1305,"2,5",0,0,1,0,0,1,0,0,0
1306,"1,5,6",0,1,0,0,0,1,1,0,0
1307,"1,6",0,1,0,0,0,0,1,0,0
1308,0,1,0,0,0,0,0,0,0,0
1309,1,0,1,0,0,0,0,0,0,0
1310,0,1,0,0,0,0,0,0,0,0
1311,"2,5",0,0,1,0,0,1,0,0,0
1312,"2,5",0,0,1,0,0,1,0,0,0
1313,"2,5",0,0,1,0,0,1,0,0,0
1314,4,0,0,0,0,1,0,0,0,0
1315,1,0,1,0,0,0,0,0,0,0
1316,"1,5",0,1,0,0,0,1,0,0,0
1317,5,0,0,0,0,0,1,0,0,0
1318,"0,5",1,0,0,0,0,1,0,0,0
1319,5,0,0,0,0,0,1,0,0,0
1320,1,0,1,0,0,0,0,0,0,0
1321,1,0,1,0,0,0,0,0,0,0
1322,1,0,1,0,0,0,0,0,0,0
1323,"0,4",1,0,0,0,1,0,0,0,0
1324,0,1,0,0,0,0,0,0,0,0
1325,"0,1,6",1,1,0,0,0,0,1,0,0
1326,0,1,0,0,0,0,0,0,0,0
1327,"1,6",0,1,0,0,0,0,1,0,0
1328,"1,6",0,1,0,0,0,0,1,0,0
1329,0,1,0,0,0,0,0,0,0,0
1330,0,1,0,0,0,0,0,0,0,0
1331,"0,1,5,6,7,8",1,1,0,0,0,1,1,1,1
1332,0,1,0,0,0,0,0,0,0,0
1333,0,1,0,0,0,0,0,0,0,0
1334,1,0,1,0,0,0,0,0,0,0
1335,"4,1,5",0,1,0,0,1,1,0,0,0
1336,"1,4",0,1,0,0,1,0,0,0,0
1337,"1,4",0,1,0,0,1,0,0,0,0
1338,"0,1,2,5",1,1,1,0,0,1,0,0,0
1339,0,1,0,0,0,0,0,0,0,0
1340,"0,1,5,7",1,1,0,0,0,1,0,1,0
1341,"0,1,5",1,1,0,0,0,1,0,0,0
1342,"1,5",0,1,0,0,0,1,0,0,0
1343,1,0,1,0,0,0,0,0,0,0
1344,7,0,0,0,0,0,0,0,1,0
1345,6,0,0,0,0,0,0,1,0,0
1346,1,0,1,0,0,0,0,0,0,0
1347,0,1,0,0,0,0,0,0,0,0
1348,"0,4",1,0,0,0,1,0,0,0,0
1349,"0,1,4,5",1,1,0,0,1,1,0,0,0
1350,"0,1,5",1,1,0,0,0,1,0,0,0
1351,"0,4",1,0,0,0,1,0,0,0,0
1352,0,1,0,0,0,0,0,0,0,0
1353,"0,4",1,0,0,0,1,0,0,0,0
1354,0,1,0,0,0,0,0,0,0,0
1355,0,1,0,0,0,0,0,0,0,0
1356,0,1,0,0,0,0,0,0,0,0
1357,6,0,0,0,0,0,0,1,0,0
1358,6,0,0,0,0,0,0,1,0,0
1359,7,0,0,0,0,0,0,0,1,0
1360,0,1,0,0,0,0,0,0,0,0
1361,"0,7",1,0,0,0,0,0,0,1,0
1362,0,1,0,0,0,0,0,0,0,0
1363,1,0,1,0,0,0,0,0,0,0
1364,0,1,0,0,0,0,0,0,0,0
1365,0,1,0,0,0,0,0,0,0,0
1366,"2,6",0,0,1,0,0,0,1,0,0
1367,"2,3",0,0,1,1,0,0,0,0,0
1368,"0,1,5,7",1,1,0,0,0,1,0,1,0
1369,"1,6",0,1,0,0,0,0,1,0,0
1370,0,1,0,0,0,0,0,0,0,0
1371,0,1,0,0,0,0,0,0,0,0
1372,1,0,1,0,0,0,0,0,0,0
1373,"0,1,6",1,1,0,0,0,0,1,0,0
1374,"0,1,2",1,1,1,0,0,0,0,0,0
1375,"1,2,5",0,1,1,0,0,1,0,0,0
1376,1,0,1,0,0,0,0,0,0,0
1377,1,0,1,0,0,0,0,0,0,0
1378,1,0,1,0,0,0,0,0,0,0
1379,"1,7",0,1,0,0,0,0,0,1,0
1380,"1,5,7",0,1,0,0,0,1,0,1,0
1381,"1,5",0,1,0,0,0,1,0,0,0
1382,"1,5",0,1,0,0,0,1,0,0,0
1383,"1,5",0,1,0,0,0,1,0,0,0
1384,"1,7",0,1,0,0,0,0,0,1,0
1385,0,1,0,0,0,0,0,0,0,0
1386,"0,1,4,5",1,1,0,0,1,1,0,0,0
1387,0,1,0,0,0,0,0,0,0,0
1388,"1,2,3",0,1,1,1,0,0,0,0,0
1389,1,0,1,0,0,0,0,0,0,0
1390,"1,2,3,5",0,1,1,1,0,1,0,0,0
1391,0,1,0,0,0,0,0,0,0,0
1392,0,1,0,0,0,0,0,0,0,0
1393,"1,5",0,1,0,0,0,1,0,0,0
1394,1,0,1,0,0,0,0,0,0,0
1395,"0,1,5,7",1,1,0,0,0,1,0,1,0
1396,"0,1,5",1,1,0,0,0,1,0,0,0
1397,0,1,0,0,0,0,0,0,0,0
1398,1,0,1,0,0,0,0,0,0,0
1399,0,1,0,0,0,0,0,0,0,0
1400,"1,5,6",0,1,0,0,0,1,1,0,0
1401,1,0,1,0,0,0,0,0,0,0
1402,1,0,1,0,0,0,0,0,0,0
1403,1,0,1,0,0,0,0,0,0,0
1404,"0,1,5,7",1,1,0,0,0,1,0,1,0
1405,"0,1,5",1,1,0,0,0,1,0,0,0
1406,1,0,1,0,0,0,0,0,0,0
1407,"1,5",0,1,0,0,0,1,0,0,0
1408,1,0,1,0,0,0,0,0,0,0
1409,"1,0",1,1,0,0,0,0,0,0,0
1410,0,1,0,0,0,0,0,0,0,0
1411,0,1,0,0,0,0,0,0,0,0
1412,0,1,0,0,0,0,0,0,0,0
1413,0,1,0,0,0,0,0,0,0,0
1414,0,1,0,0,0,0,0,0,0,0
1415,0,1,0,0,0,0,0,0,0,0
1416,0,1,0,0,0,0,0,0,0,0
1417,0,1,0,0,0,0,0,0,0,0
1418,0,1,0,0,0,0,0,0,0,0
1419,"0,1,5",1,1,0,0,0,1,0,0,0
1420,0,1,0,0,0,0,0,0,0,0
1421,"0,4",1,0,0,0,1,0,0,0,0
1422,0,1,0,0,0,0,0,0,0,0
1423,"0,1,5,7",1,1,0,0,0,1,0,1,0
1424,0,1,0,0,0,0,0,0,0,0
1425,"1,5",0,1,0,0,0,1,0,0,0
1426,5,0,0,0,0,0,1,0,0,0
1427,"0,4",1,0,0,0,1,0,0,0,0
1428,"1,5",0,1,0,0,0,1,0,0,0
1429,"1,5",0,1,0,0,0,1,0,0,0
1430,1,0,1,0,0,0,0,0,0,0
1431,"0,1,4,5",1,1,0,0,1,1,0,0,0
1432,"1,5",0,1,0,0,0,1,0,0,0
1433,"1,5",0,1,0,0,0,1,0,0,0
1434,"1,5",0,1,0,0,0,1,0,0,0
1435,"1,4",0,1,0,0,1,0,0,0,0
1436,0,1,0,0,0,0,0,0,0,0
1437,0,1,0,0,0,0,0,0,0,0
1438,0,1,0,0,0,0,0,0,0,0
1439,"0,4",1,0,0,0,1,0,0,0,0
1440,0,1,0,0,0,0,0,0,0,0
1441,"0,5",1,0,0,0,0,1,0,0,0
1442,1,0,1,0,0,0,0,0,0,0
1443,"1,5,6",0,1,0,0,0,1,1,0,0
1444,"0,1,5,7",1,1,0,0,0,1,0,1,0
1445,"1,6",0,1,0,0,0,0,1,0,0
1446,0,1,0,0,0,0,0,0,0,0
1447,0,1,0,0,0,0,0,0,0,0
1448,0,1,0,0,0,0,0,0,0,0
1449,"0,2,5",1,0,1,0,0,1,0,0,0
1450,0,1,0,0,0,0,0,0,0,0
1451,0,1,0,0,0,0,0,0,0,0
1452,7,0,0,0,0,0,0,0,1,0
1453,0,1,0,0,0,0,0,0,0,0
1454,0,1,0,0,0,0,0,0,0,0
1455,"0,1,5,7",1,1,0,0,0,1,0,1,0
1456,6,0,0,0,0,0,0,1,0,0
1457,0,1,0,0,0,0,0,0,0,0
1458,"0,1,5,7",1,1,0,0,0,1,0,1,0
1459,0,1,0,0,0,0,0,0,0,0
1460,0,1,0,0,0,0,0,0,0,0
1461,0,1,0,0,0,0,0,0,0,0
1462,"0,5",1,0,0,0,0,1,0,0,0
1463,"1,5",0,1,0,0,0,1,0,0,0
1464,0,1,0,0,0,0,0,0,0,0
1465,"1,5",0,1,0,0,0,1,0,0,0
1466,0,1,0,0,0,0,0,0,0,0
1467,0,1,0,0,0,0,0,0,0,0
1468,1,0,1,0,0,0,0,0,0,0
1469,1,0,1,0,0,0,0,0,0,0
1470,"1,4,6",0,1,0,0,1,0,1,0,0
1471,1,0,1,0,0,0,0,0,0,0
1472,1,0,1,0,0,0,0,0,0,0
1473,0,1,0,0,0,0,0,0,0,0
1474,0,1,0,0,0,0,0,0,0,0
1475,0,1,0,0,0,0,0,0,0,0
1476,1,0,1,0,0,0,0,0,0,0
1477,"0,5",1,0,0,0,0,1,0,0,0
1478,"5,1,2",0,1,1,0,0,1,0,0,0
1479,0,1,0,0,0,0,0,0,0,0
1480,"0,1,6",1,1,0,0,0,0,1,0,0
1481,"0,1,4",1,1,0,0,1,0,0,0,0
1482,"1,6",0,1,0,0,0,0,1,0,0
1483,0,1,0,0,0,0,0,0,0,0
1484,"1,7",0,1,0,0,0,0,0,1,0
1485,"1,5",0,1,0,0,0,1,0,0,0
1486,7,0,0,0,0,0,0,0,1,0
1487,7,0,0,0,0,0,0,0,1,0
1488,"0,1,5",1,1,0,0,0,1,0,0,0
1489,0,1,0,0,0,0,0,0,0,0
1490,"0,1,5",1,1,0,0,0,1,0,0,0
1491,"0,1,5,7",1,1,0,0,0,1,0,1,0
1492,"0,1,5,7",1,1,0,0,0,1,0,1,0
1493,"1,5",0,1,0,0,0,1,0,0,0
1494,"1,0",1,1,0,0,0,0,0,0,0
1495,"0,1,5,7",1,1,0,0,0,1,0,1,0
1496,"1,4",0,1,0,0,1,0,0,0,0
1497,"0,1,5,6,7,8",1,1,0,0,0,1,1,1,1
1498,"0,1,5,7",1,1,0,0,0,1,0,1,0
1499,"0,1,2,5,6,7",1,1,1,0,0,1,1,1,0
1500,"0,1,4,5,7",1,1,0,0,1,1,0,1,0
1501,0,1,0,0,0,0,0,0,0,0
1502,"1,4",0,1,0,0,1,0,0,0,0
1503,"1,2,5",0,1,1,0,0,1,0,0,0
1504,1,0,1,0,0,0,0,0,0,0
1505,"2,5",0,0,1,0,0,1,0,0,0
1506,"0,1,5,7",1,1,0,0,0,1,0,1,0
1507,"1,5,7",0,1,0,0,0,1,0,1,0
1508,"1,5,7",0,1,0,0,0,1,0,1,0
1509,"1,5",0,1,0,0,0,1,0,0,0
1510,"1,5",0,1,0,0,0,1,0,0,0
1511,"1,5,7",0,1,0,0,0,1,0,1,0
1512,0,1,0,0,0,0,0,0,0,0
1513,0,1,0,0,0,0,0,0,0,0
1514,"0,1,6",1,1,0,0,0,0,1,0,0
1515,0,1,0,0,0,0,0,0,0,0
1516,1,0,1,0,0,0,0,0,0,0
1517,"1,7",0,1,0,0,0,0,0,1,0
1518,"1,4,5",0,1,0,0,1,1,0,0,0
1519,"1,5,7",0,1,0,0,0,1,0,1,0
1520,6,0,0,0,0,0,0,1,0,0
1521,0,1,0,0,0,0,0,0,0,0
1522,1,0,1,0,0,0,0,0,0,0
1523,1,0,1,0,0,0,0,0,0,0
1524,"1,2,3",0,1,1,1,0,0,0,0,0
1525,0,1,0,0,0,0,0,0,0,0
1526,0,1,0,0,0,0,0,0,0,0
1527,"1,5",0,1,0,0,0,1,0,0,0
1528,5,0,0,0,0,0,1,0,0,0
1529,"0,5",1,0,0,0,0,1,0,0,0
1530,1,0,1,0,0,0,0,0,0,0
1531,1,0,1,0,0,0,0,0,0,0
1532,1,0,1,0,0,0,0,0,0,0
1533,"1,7",0,1,0,0,0,0,0,1,0
1534,"1,0",1,1,0,0,0,0,0,0,0
1535,1,0,1,0,0,0,0,0,0,0
1536,1,0,1,0,0,0,0,0,0,0
1537,0,1,0,0,0,0,0,0,0,0
1538,0,1,0,0,0,0,0,0,0,0
1539,1,0,1,0,0,0,0,0,0,0
1540,7,0,0,0,0,0,0,0,1,0
1541,0,1,0,0,0,0,0,0,0,0
1542,0,1,0,0,0,0,0,0,0,0
1543,4,0,0,0,0,1,0,0,0,0
1544,1,0,1,0,0,0,0,0,0,0
1545,0,1,0,0,0,0,0,0,0,0
1546,"0,1,2,5,6,7,8",1,1,1,0,0,1,1,1,1
1547,0,1,0,0,0,0,0,0,0,0
